name,Số điện thoại
CÔNG TY TNHH THƯƠNG MẠI HTD THANH CAO,0975654726
CÔNG TY TNHH THIẾT KẾ XÂY DỰNG NHÀ Ở HUỲNH THANH,0968577591
CÔNG TY TNHH NGUYỄN HIỆP DISTRIBUTION,0777070670
CÔNG TY TNHH MINH TRƯỜNG ĐỒNG THÁP,09077781937
CÔNG TY TNHH MTV TRỊNH THỊ THANH THÚY,0938121070
CÔNG TY TNHH TÔN THÉP MINH KHOA,0963858571
CÔNG TY TNHH SẢN XUẤT THƯƠNG MẠI THỰC PHẨM THIÊN PHƯỚC,0876102102
CÔNG TY TNHH LƯƠNG THỰC NAM HƯNG,0964330239
CÔNG TY TNHH THƯƠNG MẠI SẢN XUẤT DỊCH VỤ ĐẦU TƯ VINH QUANG,0913698116
CÔNG TY TNHH SẢN XUẤT THƯƠNG MẠI DỊCH VỤ NT BIO,09187532139
CÔNG TY TNHH BÁCH HÓA TỔNG HỢP HƯƠNG VIỆT,0797990201
CÔNG TY TNHH TM DV THÀNH CÔNG TAM NÔNG,0973595199
CÔNG TY TNHH CẤP NƯỚC LONG HIỂN VINH,093987299
CÔNG TY TNHH MTV AN SINH BẢO TOÀN,0944301666
CÔNG TY TNHH THƯƠNG MẠI DỊCH VỤ QUANG THỦY CAO LÃNH,0907841038
CÔNG TY TNHH TM DV NGỌC NGỌC TỶ,0384272852
CÔNG TY TNHH ĐẦU TƯ VÀ PHÁT TRIỂN GIÁO DỤC TRÍ TUỆ VIỆT,0967950369
CÔNG TY TNHH TRANG TRÍ NỘI THẤT THÀNH TÍN THƯỜNG PHƯỚC,0775899898
CÔNG TY TNHH MTV-VLXD BA LIÊM,0919020230
CÔNG TY CỔ PHẦN CHẾ BIẾN XUẤT NHẬP KHẨU MINH VIỆT,0983080131
CÔNG TY TNHH BÁCH HÓA TỔNG HỢP TÂM DUNG,0772551098
CÔNG TY TNHH PHÂN BÓN HAI THUỐC RÊ,0918054696
CÔNG TY TNHH HẢI HẠNH ĐỒNG THÁP,0947427252
CÔNG TY TNHH TM DV HÀ HIẾU NHÂN,0916908890
CÔNG TY TNHH 2TV SẢN XUẤT THƯƠNG MẠI THANH THƯ,0907617769
CÔNG TY TNHH TP AGRI VIỆT NAM,0782888138
CÔNG TY TNHH SẢN XUẤT THƯƠNG MẠI XUẤT NHẬP KHẨU NC,0939833410
DOANH NGHIỆP TƯ NHÂN CHÂU LAN NGHĨA,0909733883
CÔNG TY TRÁCH NHIỆM HỮU HẠN ĐT 92,0964129334
CÔNG TY TNHH TM LINH PHÚ QUÝ,0816352338
CÔNG TY TNHH VẠN PHÚC HN,0989942530
CÔNG TY TNHH VẬT TƯ NÔNG NGHIỆP THÀNH TÂM,0945878977
CÔNG TY TNHH CỬA HÀNG VẬT TƯ NÔNG NGHIỆP HOA LÚA MIỀN TÂY,0786914379
CÔNG TY TNHH MTV 777 NEW,0929699799
CÔNG TY TNHH THƯƠNG MẠI THẢO THỊNH AGRI VINA,0795885886
CÔNG TY TNHH THƯƠNG MẠI QUỐC TẾ AN TÂM,0916063473
CÔNG TY TNHH THƯƠNG MẠI DỊCH VỤ QUANG PHỤC,0948180024
CÔNG TY TNHH TRẦN MỸ KIM,0939601753
CÔNG TY TNHH HIỆP PHƯỢNG,0919007190
CÔNG TY TNHH REHERTZ STUDIO,0336291117
CÔNG TY CP PHÂN BÓN RICH LAND TFI ĐỒNG THÁP,0902806101
CÔNG TY TNHH MTV LƯƠNG THỰC TRUNG VÕ,0775782739
CÔNG TY TNHH THƯƠNG MẠI ĐẠI QUANG LỘC,0388790800
CÔNG TY TNHH SẢN XUẤT - THƯƠNG MẠI BÁNH MÌ NGUYÊN HƯNG,0937928778
CÔNG TY TNHH BẮC TAM NÔNG,0789905577
CÔNG TY TNHH TƯ VẤN THIẾT KẾ XÂY DỰNG ĐỨC THÀNH,09425996000868
CÔNG TY TNHH GIẢI PHÁP CÂY LÚA KHỎE,0985011757
CÔNG TY TNHH MI MI BABY MART,0939896938
CÔNG TY TNHH BÁCH HÓA TỔNG HỢP BẢO VY,0913126616
CÔNG TY TNHH LOGISTICS NHẬT HÀO,0918833341
CÔNG TY TNHH I-GEND,0345673900
CÔNG TY TNHH THANH HIỀN PET CARE,0369207063
HỢP TÁC XÃ NÔNG NGHIỆP CNC VÀ CHẾ BIẾN HIMA ĐỒNG THÁP,07920966380945
CÔNG TY TNHH GIÀY EGM VIỆT NAM,0932073443
CÔNG TY TNHH CHẾ BIẾN BONG BÓNG TIỀN LAN,0337706459
CÔNG TY TNHH CMFARM,0903214317
CÔNG TY CỔ PHẦN MÔI TRƯỜNG AZ VIỆT NAM,0382689339
CÔNG TY TNHH TM - DV - VLXD AN KHẢI PHÁT,0901226566
CÔNG TY TNHH ĐIỆN MÁY THANH PHƯƠNG ĐỒNG THÁP,0917373839
CÔNG TY TNHH Ý ANH FOODS,0938583274
CÔNG TY TNHH MTV NÔNG NGHIỆP NAM THÀNH,0973322209
CÔNG TY TNHH VTNN BA NGẪU,0352989808
CÔNG TY TNHH LỢI TÀI PHÁT,0704999687
CÔNG TY TNHH THƯƠNG MẠI LỌC NƯỚC MINH TRIẾT,0773096177
CÔNG TY TNHH MTV THƯƠNG MẠI HOÀNG VŨ NATURAL,0974082405
CÔNG TY TNHH 1 TV TRỊNH NGỌC OANH,084649169
CÔNG TY TNHH L.V.T,0918578478
CÔNG TY TNHH VẬN TẢI GIA HÂN SA ĐÉC,0789541454
CÔNG TY TNHH MTV PAYE,0888882255
CÔNG TY TNHH MTV LIORA ORGANICS,0964489447
CÔNG TY TNHH THƯƠNG MẠI LÊ THỊ BẢY,0394204142
CÔNG TY TNHH TIÊM CHỦNG MEKONG SA ĐÉC,0377187967
CÔNG TY TNHH TÔN THÉP THÀNH HIẾU,0932931065
CÔNG TY TNHH TM&DV TRẦN TÍN,0857188142
CÔNG TY TNHH SX-TM VÀ DV ĐẠI MINH LÂM,0975050202
CÔNG TY TNHH THƯƠNG MẠI DỊCH VỤ DINH QUÝ,0942252662
CÔNG TY TNHH BÁCH KHOA TỔNG HỢP THẢO NHUNG,0918789676
CÔNG TY TNHH HOÀNG MINH - THỦY TIÊN,0939293238
CÔNG TY TNHH THƯƠNG MẠI DỊCH VỤ SONG MINH ĐỒNG THÁP,0963933080
CÔNG TY TNHH VẬT TƯ NÔNG NGHIỆP HAI HƠN,0918972993
CÔNG TY TNHH HOÀNG KHOA SA ĐÉC,0907926904
CÔNG TY TNHH MÁY TÍNH TD,08272827128
CÔNG TY TNHH XÂY DỰNG CÔNG TRÌNH PHƯỚC HẢI,0332287227
CÔNG TY TNHH NPP QUANG HUY,0939263461
CÔNG TY TNHH VẬT TƯ NÔNG NGHIỆP ĐỨC HÒA,0909266663
CÔNG TY TNHH TM DV GAS LÊ SƠN,0974201247
CÔNG TY TNHH TÂM ÁNH HỒNG,0397797977
CÔNG TY TNHH MTV TRUNG NGUYỆT ĐỒNG THÁP,03885699
CÔNG TY TNHH NGUYỄN GIA THIÊN PHÚC,0982328361
CÔNG TY TNHH TÔN SẮT THÉP PHƯỚC THẠNH,0939804340
CÔNG TY TNHH MỘT THÀNH VIÊN THƯƠNG MẠI TỔNG HỢP KIM HIỀN,0907322281
DOANH NGHIỆP TƯ NHÂN HÙNG THỊNH ĐỒNG THÁP,0921155166
CÔNG TY TNHH THỰC PHẨM HUỲNH TẤN PHÁT,0939965669
CÔNG TY CP THƯƠNG MẠI DỊCH VỤ HỒNG THÁI ĐỒNG THÁP,0932906976
CÔNG TY TNHH MẠNH HIỂN ĐỒNG THÁP,0982009235
CÔNG TY TNHH MỘT THÀNH VIÊN THƯƠNG MẠI VẬT LIỆU XÂY DỰNG CHÍ THÀNH,0983861676
CÔNG TY TNHH PHÂN BÓN BVTV QUANG HUY,0919155889
CÔNG TY TNHH VẬN TẢI THỦY VÀ SAN LẤP HƯNG NHẬT VƯỢNG,0981798758
CÔNG TY TNHH NƯỚC GIẢI KHÁT BẢO LINH,0916970990
CÔNG TY TNHH ÚT DÂN CAO LÃNH,0913222018
CÔNG TY TNHH SẢN XUẤT THƯƠNG MẠI PHÚ THÀNH ĐT,0849906868
CÔNG TY TNHH BẢO GIANG ĐỒNG THÁP,0917171348
CÔNG TY TNHH DỊCH VỤ - SẢN XUẤT PHÚC PHỤNG THÁP MƯỜI,0913836199
CÔNG TY TNHH THƯƠNG MẠI DỊCH VỤ TUYẾT HỒNG ĐT,0915482766
CÔNG TY TNHH MTV TM&DV TRƯỜNG MỘC PHÁT,0939856725
CÔNG TY TNHH MTV BÀ TRIỆU ĐỒNG THÁP,0947830501
CÔNG TY TNHH BÊ THUI PHỐ ĐÊM,0931438168
CÔNG TY TNHH THƯƠNG MẠI VẬN TẢI PHƯƠNG NHI,0932989128
CÔNG TY TNHH THƯƠNG MẠI DỊCH VỤ HÙNG EM,0366770627
CÔNG TY TNHH VẬT TƯ NÔNG NGHIỆP SEN VIỆT,0966963009
CÔNG TY TNHH VTMART,0932962379
CÔNG TY TNHH NHÔM KÍNH PHƯỚC LỘC,0939467519
CÔNG TY TNHH XD CÔNG THUẬN TM,0825608068
CÔNG TY TNHH VẬN TẢI THUẬN LOAN,0386089379
CÔNG TY TNHH THƯƠNG MAI DỊCH VỤ THANH PHÁT ĐỒNG THÁP,0947445944
CÔNG TY TNHH NGUYỄN VĂN DUY VN,0943447349
CÔNG TY TNHH VẬT LIỆU XÂY DỰNG PHÚC HƯƠNG,0931532722
CÔNG TY TNHH 01TV GOLD DIAMOND MINH TRÍ III,0913967207
CÔNG TY TNHH UYÊN PHONG ĐT,0918486454
CÔNG TY TNHH THÁI VĂN TẤN,09181290288
CÔNG TY TNHH NÔNG NGHIỆP BAMIAGRI,0916323037
CÔNG TY TNHH MUA BÁN LÚA GẠO PHÚC HẬU,0914212499
CÔNG TY TNHH MỘT THÀNH VIÊN PHÚC BẢO 2010,0916939474
CÔNG TY TNHH VTNN QUẢN TÁM,0398685388
CÔNG TY TNHH TIN HỌC VIỄN THÔNG ON TOP,091900089
CÔNG TY TNHH THIẾT BỊ KIM NGÂN PHÁT,0932738818
DOANH NGHIỆP TN KIM OANH HỒNG NGỰ,0378235478
CÔNG TY TNHH MTV NGHĨA LỢI HOÀNG OANH,0945464564
CÔNG TY TNHH VIETNATURE EXPORTS,0989906396
CÔNG TY TNHH NÔNG SẢN VÀ MỸ NGHỆ SEN VIỆT,0939710093
CÔNG TY TNHH TM SX NĂM THÂU,0944992995
CÔNG TY TRÁCH NHIỆM HỮU HẠN TMDV QUỐC VINH,0913103443
CÔNG TY TNHH TM DV XÂY DỰNG ĐIỆN KIM TUYẾN THY,0932909004
CÔNG TY TNHH ĐẦU TƯ VÀ XÂY DỰNG VĨNH PHÁT,091875001
CÔNG TY TNHH MTV HỮU PHÁP,0948151799
CÔNG TY TNHH THƯƠNG MẠI DỊCH VỤ TÀI CUA,0977225552
CÔNG TY TNHH CÔNG TRƯỞNG,0368844014
CÔNG TY TNHH THƯƠNG MẠI NGUYÊN LIỆU NÔNG THỦY SẢN SONG LAM,0939859521
CÔNG TY TNHH MỘT THÀNH VIÊN MISU SHOP,0939764737
CÔNG TY TNHH THƯƠNG MẠI DỊCH VỤ TUYẾT TRÂM ĐỒNG THÁP,0919202113
CÔNG TY TNHH PHÂN BÓN BA MỸ,0913192009
CÔNG TY TNHH THƯƠNG MẠI DỊCH VỤ XUẤT NHẬP KHẨU HOÀNG QUYÊN,0918055009
CÔNG TY TNHH TÔN SẮT THÉP THUẬN PHÁT,0939127233
CÔNG TY TNHH PHÁT TRIỂN THUẦN VIỆT TRADRIP,0888466557
CÔNG TY TNHH THƯƠNG MẠI DỊCH VỤ XE MÁY TOÀN THẮNG,0919020204
CÔNG TY TNHH NÔNG SẢN TRÚC THÙY,0901217192
CÔNG TY TNHH CÔNG TY TNHH TRANG TRÍ NỘI THẤT THẮNG PHÁT,0911811969
CÔNG TY TNHH THỨC ĂN GIA SÚC PHƯƠNG HOÀ,0704924926
CÔNG TY TNHH THƯƠNG MẠI VÀ DỊCH VỤ ANH THI KIDS,0934419992
CÔNG TY TNHH BÁCH HÓA NGỌC HƯNG THỊNH,0915731913
CÔNG TY TNHH THỦY SẢN GIA PHÚC AQUA,0855937720
CÔNG TY TNHH DỊCH VỤ CÔNG NGHỆ LDTECH,0763990993
CÔNG TY TNHH THƯƠNG MẠI BÌNH AN GREEN,0973783578
CÔNG TY TNHH AGRI HGC,0788776612
CÔNG TY TNHH NÔNG NGHIỆP PHONG NGUYỆT,0983824266
CÔNG TY TNHH MTV 10 QUYẾN,0939264412
CÔNG TY TNHH THANH BÌNH TK,0918940314
CÔNG TY TNHH CƠ KHÍ XÂY DỰNG THANH TOÀN,0824198898
CÔNG TY TNHH TMDV VĨNH HỒNG CAO LÃNH,0919279506
CÔNG TY TNHH TM GAS TẤN SANG,0979787844
CÔNG TY TNHH NÔNG NGHIỆP & KIM KHÍ ĐIỆN MÁY LIÊN THÀNH,0916444737
CÔNG TY TNHH THƯƠNG MẠI DỊCH VỤ T&T 189,0907225912
CÔNG TY TNHH HỒNG PHÁT TASTE,0907822033
CÔNG TY TNHH THƯƠNG MẠI DỊCH VỤ PHÚC TRANG KIDS,0973188452
CÔNG TY TNHH VẬT TƯ NÔNG NGHIỆP TUẤN NHI,0375513473
CÔNG TY TNHH MỘT THÀNH VIÊN THIÊN PHÚC 79,0356467368
CÔNG TY TRÁCH NHIỆM HỮU HẠN MTV TINA LUXURY,0917482115
CÔNG TY TNHH CHUYỂN GIAO KỸ THUẬT NÔNG NGHIỆP ĐĂNG KHOA,0845464844
CÔNG TY TNHH THƯƠNG MẠI DỊCH VỤ KIM CƯƠNG 99,0932904968
CÔNG TY TNHH THƯƠNG MẠI HN KIM THANH,0913721042
CÔNG TY TNHH SX TM DV TÔN TÍN PHÁT,0772777742
CÔNG TY TNHH CANYON MOTOR,0929964144
CÔNG TY TRÁCH NHIỆM HỮU HẠN LÊ HIỆP SA ĐÉC,0939525222
CÔNG TY TNHH VTNN TUẤN PHÁT,0939144104
CÔNG TY TRÁCH NHIỆM HỮU HẠN BÁCH HÓA KIM HƯƠNG,0908523696
CÔNG TY TNHH TIẾN NÔNG VIỆT NAM,0965554966
CÔNG TY TNHH THƯƠNG MẠI DỊCH VỤ MẸ & BÉ TÂN HỒNG,0772499928
CÔNG TY TNHH DV NÔNG NGHIỆP PHƯƠNG THÚY,0919931756
CÔNG TY TNHH TM AN PHÚC TÂM,0975828782
CÔNG TY TNHH MTV NGUYỄN THỊ THANH HẰNG,0979939575
CÔNG TY TNHH SẢN XUẤT NÔNG NGHIỆP PHÚC HIỆP,0901373668
CÔNG TY TNHH LOGISTICS THƯƠNG PHÁT,0949479968
CÔNG TY TNHH TM DV TỔNG HỢP NGUYỄN TÀI,0824153969
CÔNG TY TNHH VẬT TƯ NÔNG NGHIỆP NHƯ TRÚC,0366612449
CÔNG TY TNHH THƯƠNG MẠI VÀ DỊCH VỤ 9 TIDO FA,0368904578
CÔNG TY TNHH VẬT TƯ NÔNG NGHIỆP SÁU ĐỒNG,0942678953
CÔNG TY TNHH VẬT TƯ NÔNG NGHIỆP HỮU NGHỊ,0939971581
CÔNG TY TNHH THƯƠNG MẠI DỊCH VỤ SUE STORE,0399950009
CÔNG TY TNHH THƯƠNG MẠI DỊCH VỤ HUY HOÀNG ĐT,0789676768
CÔNG TY TNHH LƯỚI AN DI ĐỒNG THÁP,0333345351
CÔNG TY TNHH KINH DOANH THƯƠNG MẠI TỔNG HỢP ANH KHÔI,0939844329
CÔNG TY TNHH MTV THƯƠNG MẠI XUẤT NHẬP KHẨU NÔNG SẢN LỢI PHÁT,0774831774
CÔNG TY TNHH SAN LẮP PHƯƠNG LINH ĐỒNG THÁP,0363644847
CÔNG TY TNHH VTNN SÁU THÁI,0944165505
CÔNG TY TNHH THƯƠNG MẠI DỊCH VỤ THUẦN TÂN TRIỂN,0867650230
CÔNG TY TNHH MỘT THÀNH VIÊN ĐẦU TƯ VÀ PHÁT TRIỂN THANH TRÚC,03624581330961770
CÔNG TY TNHH THIÊN HẢI OFFICIAL,0794687955
CÔNG TY TNHH MTV BẢY THÀNH CÔNG,0913938373
CÔNG TY TNHH MTV KHÁNH - KIẾNG,0913331141
CÔNG TY TNHH VTNN TIÊN PHONG,0917135799
CÔNG TY TNHH MAY MẶC THƯƠNG MẠI XUẤT NHẬP KHẨU HOÀNG AN,0938343179
CÔNG TY TNHH MTV TRUYỀN THÔNG - QUẢNG CÁO HÀ XUÂN,0984697681
CÔNG TY TNHH NÔNG NGHIỆP QUỐC TẾ ARGIMEX,0373080809
CÔNG TY TNHH TRANG TRÍ NỘI THẤT THÀNH TÍN CAO LÃNH,0918241106
CÔNG TY TNHH XUẤT NHẬP KHẨU ALLIANCE AQUA,0915880482
CÔNG TY TNHH MTV THẢO NGÔ,0907267669
CÔNG TY TNHH CÔNG TY TNHH TM&DV DƯƠNG KHANG THỊNH,0907806072
CÔNG TY TNHH THƯƠNG MẠI DỊCH VỤ LÊ HỒNG DUYÊN,0945273307
CÔNG TY TNHH CHERY TRẦN,0707563408
CÔNG TY TNHH SAGOTA TÂN HỒNG,0363632001
CÔNG TY TNHH VTNN HIẾU LOAN ĐỒNG THÁP,0919027797
CÔNG TY TNHH DỊCH VỤ BẢO VỆ VỆ SĨ THUẬN PHONG,090337139507066900
CÔNG TY TNHH THƯƠNG MẠI VẬN TẢI TRƯỜNG GIANG,0986639969
CÔNG TY TNHH VIỆT NGHĨA ĐT,0919658370
CÔNG TY TNHH BÁCH HOÁ TỔNG HỢP HẢI UYÊN,0918481148
CÔNG TY TNHH VẬT TƯ NÔNG NGHIỆP TRANG,0902814841
CÔNG TY TNHH DƯỢC PHẨM QUANG NGỌC,0907302479
CÔNG TY TNHH THƯƠNG MẠI SẮT THÉP TÂM TRÍ,0915378439
CÔNG TY TNHH XÂY DỰNG AN THỊNH ĐỒNG THÁP,0949203329
CÔNG TY TNHH TMDV THÀNH LONG BT,0939966106
CÔNG TY TNHH TUẤN EM,0775294453
CÔNG TY TNHH MTV HOÀNG TRUNG PS,0932735059
CÔNG TY TNHH THƯƠNG MẠI QUỐC TẾ MB,0932955238
CÔNG TY TNHH BAO BÌ VẠN PHƯỚC LỘC,0889016679
CÔNG TY TNHH VẬT LIỆU XÂY DỰNG TOẠI PHƯỢNG,0941237893
CÔNG TY TNHH THƯƠNG MẠI SẢN XUẤT VÂN YÊN GROUP,0944636261
CÔNG TY TNHH TƯ VẤN THIẾT KẾ & XÂY DỰNG PHÚC KHANG 678,0829031015
CÔNG TY CỔ PHẦN THƯƠNG MẠI DỊCH VỤ PHẠM KHẢ HÂN,0928799030
CÔNG TY TNHH XÂY DỰNG LÂM ANH TUẤN,0903582286
CÔNG TY TNHH THIỆN NHÂN INTERIOR,0938111416
CÔNG TY TNHH HOÀ PHÁT SA ĐÉC,0981449494
CÔNG TY TNHH XÂY DỰNG TIẾN PHÁT BS,0919719991
CÔNG TY TNHH THƯƠNG MẠI NHỰT QUANG,0939917401
CÔNG TY CỔ PHẦN VẬT TƯ NÔNG NGHIỆP HOÀNG HOA,0977668585
CÔNG TY CỔ PHẦN VẬT LIỆU XÂY DỰNG HỒNG NGỰ THÁP MƯỜI,0917818959
CÔNG TY TNHH MTV PHÂN PHỐI TỔNG HỢP MINH KHÔI,0708065229
CÔNG TY TNHH TƯ VẤN XÂY DỰNG MÔI TRƯỜNG LONG GIANG,0907755151
CÔNG TY TNHH GMT MỸ AN,0979297799
CÔNG TY TNHH TÔN SẮT HƯNG THỊNH,0395372843
CÔNG TY TNHH THƯƠNG MẠI DỊCH VỤ HỢP TRÍ ĐỒNG THÁP,0838020030
CÔNG TY TNHH THƯƠNG MẠI VẬN TẢI CHÂU TUẤN,0945616660
CÔNG TY TNHH THƯƠNG MẠI BẢO VỆ THỰC VẬT ĐỒNG THÁP,0939398396
CÔNG TY TNHH LƯƠNG THỰC PHƯỚC TRƯỜNG,0908455181
CÔNG TY TNHH NGỌC NHUNG ĂN UỐNG,0988353501
CÔNG TY TNHH NHẬT MINH SUN,09415129
CÔNG TY TNHH THƯƠNG MẠI VÀ DỊCH VỤ XNK NGỌC NGÂN,0944965677
CÔNG TY TNHH TRƯỜNG PHÁT HỒNG NGỰ,0836789877
CÔNG TY TNHH NƯỚC MẮM HƯƠNG ĐỒNG,0917171333
CÔNG TY CỔ PHẦN THƯƠNG MẠI XNK LƯƠNG THỰC ĐẠI ĐỒNG,0393322540
CÔNG TY TNHH THƯƠNG MẠI DỊCH VỤ - VIỄN THÔNG LAI VUNG,0345466799
CÔNG TY CỔ PHẦN NÔNG SẢN THỰC PHẨM HOÀN NGỌC,0933655166
CÔNG TY TNHH THÙY NHƯ THẢO,0378991771
CÔNG TY CỔ PHẦN TƯ VẤN - ĐẦU TƯ XÂY DỰNG 868 GR,0353599995
CÔNG TY TNHH MINH HUY SANG,0938022220
CÔNG TY TNHH TOÀN PHÁT LẤP VÒ,0782840688
CÔNG TY TNHH NES EDU,0903746316
CÔNG TY TNHH NGUYỄN SĨ 115,0847100115
CÔNG TY TNHH THU QUYÊN FISH,0839111603
CÔNG TY TNHH XUẤT NHẬP KHẨU ĐẦU TƯ XÂY DỰNG THẮNG PHÁT,09712024380961060
CÔNG TY TNHH LƯƠNG THỰC KIM PHÚ,0939161199
CÔNG TY TNHH THƯƠNG MẠI - DỊCH VỤ KIM PHƯỚC PHÁT,0349354889
CÔNG TY TNHH XÂY DỰNG THƯƠNG MẠI HỒNG TRƯỜNG PHÁT,0964598934
CÔNG TY TNHH DỊCH VỤ BẢO VỆ VÀ VỆ SĨ HẢI LONG SƠN VN,0913605802
CÔNG TY TNHH TƯ VẤN ĐẦU TƯ & PHÁT TRIỂN PCCC MỸ KIM,0857899089
CÔNG TY TNHH ĐIỆN LẠNH TRẦN HOÀI DUY,0789519863
CÔNG TY TNHH ĐẦU TƯ VÀ XÂY DỰNG PHÚ DƯƠNG,0962672679
CÔNG TY TNHH THƯƠNG MẠI DỊCH VỤ - VIỄN THÔNG TRÀM CHIM,0363663299
CÔNG TY CỔ PHẦN NÔNG NGHIỆP BỀN VỮNG OURWAY,0933999030
DOANH NGHIỆP TƯ NHÂN NGỌC HÀ TAM NÔNG,0848257279
CÔNG TY TNHH TM DV AGRITECH - VN,0343047307
CÔNG TY TRÁCH NHIỆM HỮU HẠN QUANG THOẠI ROASTERY COFFEE,0968508331
CÔNG TY TNHH CÔNG NGHỆ SỐ GK,0938097522
CÔNG TY TNHH TM DV XNK HOÀNG KIM VN,0901868879
CÔNG TY TNHH VLXD-SLMB KHANG HUY,0886717568
CÔNG TY CỔ PHẦN ĐẦU TƯ HỒNG BẮC,0944294933
CÔNG TY TNHH LOCAL GOODS,0899018078
CÔNG TY TNHH THƯƠNG MẠI DỊCH VỤ - ĐẦU TƯ XÂY DỰNG HOÀNG THÀNH,0833301133
CÔNG TY TNHH SONG PHÁT VN,0938468145
HỢP TÁC XÃ NÔNG NGHIỆP VÀ DỊCH VỤ CHÂU THÀNH,0909200161
CÔNG TY TNHH TÂM AN FRESH,0862476663
CÔNG TY TNHH PHẠM VĂN TRẠNG,0369240903
CÔNG TY TNHH THANH ĐIỀN 66,0908090687
TRUNG TÂM ĐIỀU DƯỠNG NGƯỜI CÓ CÔNG TỈNH ĐỒNG THÁP,0913234738
CÔNG TY TNHH XUẤT NHẬP KHẨU MỶ HÀ ĐỒNG THÁP,0343351073
CÔNG TY TNHH MTV VẬT LIỆU XÂY DỰNG 3 THÀNH,0969123008
TRUNG TÂM DỊCH VỤ NÔNG NGHIỆP VÀ MÔI TRƯỜNG,0909938886
CÔNG TY TNHH TMDV QUỐC TẾ NEWSTAR,0913117168
CÔNG TY TNHH XÂY DỰNG KV-HOMES,0962385483
CÔNG TY TRÁCH NHIỆM HỮU HẠN MỘT THÀNH VIÊN PHÚC HÀ,0886440049
CÔNG TY TNHH MTV VẬN TẢI DU LỊCH HỒNG NGỌC,0939457676
TRUNG TÂM BẢO TRỢ TRẺ EM VÀ BẢO TRỢ XÃ HỘI TỔNG HỢP TỈNH ĐỒNG THÁP,0776113663
CÔNG TY TNHH DỊCH VỤ TỔNG HỢP XUẤT NHẬP KHẨU QUỐC ANH,0332444726
CÔNG TY TNHH GMT TAM NÔNG,0394492025
CÔNG TY TNHH LONG VIỆT BIO-TECH,0861366820989
CÔNG TY TNHH DỊCH VỤ SẢN PHẨM BẮC TRUNG NAM GROUP,0981096318
CÔNG TY TNHH - MTV - SAN LẤP MẶT BẰNG TRƯỜNG PHÚC,0922168668
CÔNG TY CỔ PHẦN SẢN XUẤT THƯƠNG MẠI DỊCH VỤ VIÊN NÉN ECO,0906999509
CÔNG TY TNHH THƯƠNG MẠI NGHĨA KIM THOA,0948831383
CÔNG TY TNHH PHƯỚC XƯƠNG LONG VIỆT NAM,0908011318
CÔNG TY TNHH MASSAGE THIÊN NGỌC,0907150795
CÔNG TY TNHH VẬN TẢI CHƯƠNG DƯƠNG,0939641459
CÔNG TY TRÁCH NHIỆM HỮU HẠN LÂM HƯNG LỘC,0988988841
CÔNG TY TNHH SAN LẤP MẶT BẰNG PHÁT TIẾN ĐỒNG THÁP,0939310335
CÔNG TY TNHH VẬT LIỆU XÂY DỰNG MIỀN TÂY HP,0949498939
CÔNG TY TNHH LƯƠNG THỰC THANH LẬP,0907548313
CÔNG TY TNHH CÂY CẢNH HẰNG QUI ĐỒNG THÁP,0904970430
CÔNG TY TNHH KOBA AGRI,09032179567
CÔNG TY TRÁCH NHIỆM HỮU HẠN CHÍ TÂM ĐT,0985586279
CÔNG TY TNHH VẠN LỢI TÂN HÒA,0852241116
CÔNG TY TNHH GỖ TRUNG NGUYỄN,0936085357
CÔNG TY TNHH DỊCH VỤ VISA NHANH,08157217890886090
CÔNG TY TNHH THƯƠNG MẠI VẠN PHÚC SA ĐÉC,0766829655
CÔNG TY TNHH NĂM BÌNH (ÚT TỶ),0976247316
CÔNG TY CỔ PHẦN BỆNH VIỆN MẮT VIỆT ĐỒNG THÁP,0776860056
CÔNG TY TNHH BÁN BUÔN TRỰC TUYẾN TVS,0775291362
CÔNG TY TNHH TÔM GIỐNG HÙNG CƯỜNG,0938711909
CÔNG TY TNHH THƯƠNG MẠI CP PHÁT TRIỂN LỘC PHÁT,0898349654
CÔNG TY TNHH MARKETING ONLINE BÌNH,0907846533
CÔNG TY TNHH AN NHIÊN SA ĐÉC,0868939607
CÔNG TY TNHH TRUYỀN THÔNG VÀ SỰ KIỆN THÀNH NHIÊN,0937623323
CÔNG TY TNHH MAESTRO GOURMET,0775532709
CÔNG TY TNHH MỘT THÀNH VIÊN MUA BÁN XE ĐẠP ĐIỆN MINH TÂN,0913967207
CÔNG TY TNHH TM - DV - XNK HỒNG PHÁT SA ĐÉC,0387575516
CÔNG TY TNHH MTV DƯƠNG HOÀNG PHÚC,0352303933
CÔNG TY TNHH HOÁ SINH VIRAL FARM,0948490794
CÔNG TY TNHH THIẾT BỊ CÔNG NGHỆ HỒ GIA,0939555945
CÔNG TY TNHH DU LỊCH CÔ SÁU ĐỒNG THÁP,0907766794
CÔNG TY TNHH DỊCH VỤ XE DU LỊCH CÔNG QUÍ,0975184451
CÔNG TY CỔ PHẦN PHÁT TRIỂN DẦU KHÍ TS,0975339988
CÔNG TY TNHH ĐIỆN LẠNH HUỲNH NHI,0377634321
HỢP TÁC XÃ ĐA DỊCH VỤ NÔNG NGHIỆP LÀNG QUÊ ĐÁNG SỐNG,0358833021
CÔNG TY TNHH THỰC PHẨM QUẢNG HẢI VIỆT NAM,0912545333
CÔNG TY TNHH THƯƠNG MẠI DỊCH VỤ TỔNG HỢP NGỌC HUYỀN GROUP,0787274488
CÔNG TY TRÁCH NHIỆM HỮU HẠN TRUYỀN THÔNG & TỔ CHỨC SỰ KIỆN HƯƠNG SẮC VIỆT,0915740028
CÔNG TY TNHH TM DỊCH VỤ PHƯƠNG TRANG GROUP,0988773058
CÔNG TY TNHH GIÁO DỤC NGOẠI NGỮ VÀ KỸ NĂNG ĐỨC THÀNH,0911132879
CÔNG TY TNHH NĂNG LƯỢNG XANH BYD ĐỒNG THÁP,0913649389
CÔNG TY TNHH VẬN TẢI BẢO THANH,09883219019
CÔNG TY TNHH MỘT THÀNH VIÊN VẬN TẢI AN PHÁT,0918738815
CÔNG TY TRÁCH NHIỆM HỮU HẠN MỘT THÀNH VIÊN LỢI KHANG MY (LKM),0969808755
CÔNG TY TNHH THƯƠNG MẠI DỊCH VỤ XUẤT NHẬP KHẨU KIM PHƯƠNG ĐỒNG THÁP,094792939
CÔNG TY TNHH VẠN PHÁT TÂN HÒA,091922412
CÔNG TY TNHH GMT HỒNG TÂN,0973900499
CÔNG TY TNHH THƯƠNG MẠI - DỊCH VỤ XUẤT NHẬP KHẨU PHƯỚC TIÊN BT,0965575191
CÔNG TY TNHH GMT HỒNG NGỰ,0917496
CÔNG TY TNHH GMT PHÚ ĐIỀN,0919234696
CÔNG TY TNHH PHÂN PHỐI XUẤT NHẬP KHẨU PHARMA,0939357435
CÔNG TY TNHH GMT LAI VUNG,0345483568
CÔNG TY TNHH GMT LONG HƯNG,0387582025
CÔNG TY TNHH GMT TÂN HỒNG,0989224636
CÔNG TY TNHH VÀNG BẠC HIỆU VÀNG KIM TUÂN,0901012256
CÔNG TY TNHH ĐẦU TƯ XÂY DỰNG DG HOME,0948493047
CÔNG TY TNHH GMT MỸ HIỆP,0763731618
CÔNG TY TNHH GMT SEN HỒNG,0845672025
CÔNG TY TNHH MINH LUC JAPAN,0328829866
CÔNG TY TNHH ĐẦU TƯ TM VÀ DV TÂN PHƯỚC KHÁNH,0987498778
CÔNG TY TNHH MTV NYA GOLD,0364446667
CÔNG TY TNHH XĂNG DẦU TÂN HÒA NGUYỄN HUỆ,0907618786
"PHÒNG VĂN HÓA, KHOA HỌC VÀ THÔNG TIN HUYỆN LAI VUNG",0828363236
CÔNG TY TNHH KTT TUỆ LÂM,09071381590
CÔNG TY TNHH ĐẦU TƯ VÀ PHÁT TRIỂN NÔNG NGHIỆP THIÊN TRƯỜNG PHÁT,0943096338
CÔNG TY TNHH TƯ VẤN THIẾT KẾ - XÂY DỰNG THÁI MINH THÔNG,0855020406
CÔNG TY TNHH SẢN XUẤT THỜI TRANG ELITE,0939333594
CÔNG TY TNHH TÁI CHẾ LỘC MINH QUÂN,0966310319
CÔNG TY CỔ PHẦN NỘI THẤT SINH THÁI VIỆT NAM,09671208150915
CÔNG TY TNHH TRUYỀN THÔNG 1990 AGENCY SADEC,0983562999
TRUNG TÂM GIÁO DỤC NGHỀ NGHIỆP VÀ DỊCH VỤ NÔNG NGHIỆP HUYỆN LẤP VÒ,0975749140
TRUNG TÂM GIÁO DỤC NGHỀ NGHIỆP VÀ DỊCH VỤ NÔNG NGHIỆP HUYỆN LAI VUNG,0917142427
CÔNG TY CỔ PHẦN ĐẦU TƯ VÀ PHÁT TRIỂN DU LỊCH MÊ KÔNG,0938033212
CÔNG TY TNHH XUÂN PHÚ AN,09451689680563
CÔNG TY TNHH XUẤT NHẬP KHẨU NHẤT THIÊN HỒNG NGỰ,0938967459
PHÒNG NÔNG NGHIỆP VÀ MÔI TRƯỜNG HUYỆN HỒNG NGỰ,0919333984
CÔNG TY TNHH MTV TMDV PHƯƠNG HẰNG,0963838396
CÔNG TY TNHH CULLINAN GROUP,0888703838
PHÒNG NỘI VỤ HUYỆN HỒNG NGỰ,0947967769
CÔNG TY TNHH QUẢNG CÁO - THƯƠNG MẠI SÀI GÒN NEW,0777788968
CÔNG TY TNHH MTV SẢN XUẤT THƯƠNG MẠI DỊCH VỤ THIỆN NHÂN,0941738838
CÔNG TY TNHH DỊCH VỤ BẢO QUẢN,0824235453
CÔNG TY TRÁCH NHIỆM HỮU HẠN VẠN LỘC MINH,0908295265
ĐẢNG UỶ UỶ BAN NHÂN DÂN TỈNH,0919178787
CÔNG TY TNHH THƯƠNG MẠI - DỊCH VỤ PHƯỚC AN DT,0339142020
CÔNG TY TNHH DUNATA,0932975272
CÔNG TY TNHH NỘI THẤT HƯNG GIA PHÚC,0969090089
CÔNG TY TNHH NÔNG SẢN SẠCH HỒNG NGA,09191910990866
CÔNG TY TNHH SẢN XUẤT VÀ XÂY DỰNG PHƯỚC HÒA,0939675791
CÔNG TY TNHH THƯƠNG MẠI DỊCH VỤ VÀ DU LỊCH MANGO,0765801115
CÔNG TY TRÁCH NHIỆM HỮU HẠN MỘT THÀNH VIÊN TÀI THỊNH GARMENTS,0707759983
CÔNG TY TNHH MUA BÁN NỢ ĐẤT SEN HỒNG,0706690000
TRUNG TÂM GIÁO DỤC NGHỀ NGHIỆP VÀ DỊCH VỤ NÔNG NGHIỆP,09187508332
CÔNG TY TNHH HÓA NÔNG HOÀI BẢO,0939723039
CÔNG TY TNHH TM DV NGUYỄN AN FARM,0964778988
CÔNG TY TNHH XUẤT NHẬP KHẨU BẢY HỒNG SA ĐÉC,09456099080775
CÔNG TY TNHH TƯ VẤN THƯƠNG MẠI XÂY DỰNG GIA MINH,0783662925
CÔNG TY TNHH MTV SƠN PHÚC - ĐỒNG THÁP,0355108978
CÔNG TY TNHH CƠ KHÍ CNC QUỐC DŨNG,0973067996
CÔNG TY TNHH THIÊN NÔNG ĐỒNG THÁP,0394272859
CÔNG TY TNHH XUẤT NHẬP KHẨU NÔNG SẢN CHÍ THANH,0913935245
CÔNG TY TNHH VITA MYHOME,0949844147
CÔNG TY TNHH SẢN XUẤT - THƯƠNG MẠI PHÂN BÓN FERTICO,0388688778
CÔNG TY TNHH SINH HỌC VIỆT TECH,0931340608
CÔNG TY TNHH MTV NƯỚC HOA Ô TÔ FIND T,0985273121
CÔNG TY TNHH TỔ CHỨC SỰ KIỆN TRÍ PROMOTION,0338201547
CÔNG TY TNHH TM ĐẦU TƯ NGỌC THƠ,0944322438
CÔNG TY TNHH MTV DƯƠNG GIA FOOD,0816888356
CÔNG TY TNHH THƯƠNG MẠI VÀ DỊCH VỤ BIO TECH VN,0329237422
CÔNG TY TNHH MTV XÂY DỰNG TẠO PHƯƠNG,0367313971
CÔNG TY TNHH DƯỢC PHẨM THÁI PHÚC AN,0906385869
CÔNG TY CỔ PHẦN GMT MÊ KÔNG,0772129849
PHÒNG NÔNG NGHIỆP VÀ MÔI TRƯỜNG,0906647677
CÔNG TY TNHH DỊCH VỤ BẢO VỆ VỆ SĨ HOÀNG VŨ,07838006780364000
CÔNG TY TNHH DỊCH VỤ VÀ QUÀ TẶNG SONG TOÀN,0917268223
CÔNG TY TNHH AN THÁI KHANG GROUP,0943113186
CÔNG TY TNHH DỊCH VỤ MAY MẶC ĐẢM ĐAN,0528811808
CÔNG TY TNHH THIẾT KẾ XÂY DỰNG THƯƠNG MẠI CHÂU NGỌC,0937554684
CÔNG TY TNHH TÔN THÉP VẠN PHÁT ĐỒNG THÁP,0977634104
DNTN KINH DOANH VÀNG LÊ TUẤN KIỆT,0971911577
CÔNG TY TNHH HỒNG MINH TOMY,0931050121
CÔNG TY TNHH THIẾT BỊ ĐIỆN NGỌC HẬU,0915212186
HỢP TÁC XÃ DỊCH VỤ NÔNG NGHIỆP VÀ CÔNG ÍCH LẤP VÒ,0799818286
CÔNG TY TNHH MTV TM DV CAO THỊNH PHÁT,0849986868
CÔNG TY TNHH XÂY DỰNG DƯ AN PHÁT,0949912105
CÔNG TY TNHH THƯƠNG MẠI HƯNG KÝ ĐỒNG THÁP,0934030060
TỔ HỢP TÁC TRỒNG MÍT ẤP BẮC,0339203894
HỘI CHỮ THẬP ĐỎ XÃ PHÚ THÀNH A,0332530508
CÔNG TY TNHH J.M.INTER,0903381118
CÔNG TY TNHH NÔNG NGHIỆP HIỆN ĐẠI NANO,0706362969
CÔNG TY TNHH XĂNG DẦU TỚI LINH,0918977111
CÔNG TY TNHH LUCAS GROUP BUILDING,0349957001
CÔNG TY TRÁCH NHIỆM HỮU HẠN MTV TIN HỌC PTS,0939619275
CÔNG TY TNHH MTV CƯỚI HỎI XUÂN KHÁNH,0939994343
CÔNG TY TNHH MTV HƯNG YÊN HỒNG NGỰ,0919226977
CÔNG TY CP NĂNG LƯỢNG XANH ALPHA LDD ĐỒNG THÁP,0938081539
CÔNG TY TNHH XI MĂNG THE ONE,0939570051
CÔNG TY TNHH ĐẦU TƯ XÂY DỰNG VÀ VẬN TẢI THỦY BỘ THIÊN PHÚC NGÂN,0906677699
CÔNG TY TNHH THƯƠNG MẠI DỊCH VỤ XÂY DỰNG VẬN TẢI VĂN KHANH,0346036772
CÔNG TY TNHH THIÊN KIM GREEN WORLD,0977238239
CÔNG TY TNHH TỔ CHỨC SỰ KIỆN NẮNG EVENT,0949549007
CÔNG TY TNHH THƯƠNG MẠI LỘC TOÀN THU,0909766334
CÔNG TY TNHH TMDV DU LỊCH MEKONG TRAVEL,0851551511
CÔNG TY TNHH ĐẦU TƯ VÀ PHÁT TRIỂN GIÁO DỤC INNOSEED,0907606408
CÔNG TY TNHH CƠ KHÍ THÀNH TIỀN,0917987981
CÔNG TY TNHH THƯƠNG MẠI & PHÁT TRIỂN THẾ GIỚI SỮA,0969247499
CÔNG TY TNHH MTV XÂY DỰNG TDT.CONS,0326348497
CÔNG TY TNHH ĐÔNG LẠNH HD,0982787074
CÔNG TY TNHH DOANH NGHIỆP XÃ HỘI HỘI QUÁN NÔNG DÂN,0964142469
CÔNG TY TNHH THƯƠNG MẠI HẢI YẾN ĐỒNG THÁP,0942825528
CÔNG TY TRÁCH NHIỆM HỮU HẠN MỘT THÀNH VIÊN SONGHAN AGRI,0902434213
CÔNG TY TNHH MTV CƠ KHÍ PHÚC PHONG,0971990070
CÔNG TY TNHH VẬN TẢI TRUNG HINO,0939171768
CÔNG TY TNHH HẠNH TÂN - TÈO XE CUỐC,0914700996
CÔNG TY TNHH MTV THƯƠNG MẠI DỊCH VỤ XUẤT NHẬP KHẨU K&V,0909296568
CÔNG TY TNHH NGỌC TRAI HOÀNG GIA ĐỒNG THÁP,0901358818
CÔNG TY TNHH THƯƠNG MẠI XUẤT NHẬP KHẨU HƯNG THỊNH ĐỒNG THÁP,0345923714
CÔNG TY TNHH TƯ VẤN & XÂY DỰNG HTP ĐỒNG THÁP,0939991641
CÔNG TY TNHH MTV THƯƠNG MẠI CẢNG BẢO MAI,0931666406
CÔNG TY CỔ PHẦN NÔNG NGHIỆP XANH CHƠN CHÍNH ĐTM,09777897777
CÔNG TY TNHH MTV MAY MẶC BẢO VY,0375806544
CÔNG TY TNHH MTV TƯ VẤN VEL,0902740077
CÔNG TY TNHH CHÍ CÔNG ĐỒNG THÁP,0916912909
CÔNG TY TNHH MAI HUYNH PHÁT,0939906559
CÔNG TY TNHH VPP TOÀN PHÁT,0907621778
CÔNG TY TNHH CHĂM SÓC SỨC KHỎE TÂM THIỆN TÍN,0963010354
CÔNG TY TNHH KHANG THỊNH MKT TRADING,0906974646
CÔNG TY TNHH MỘT THÀNH VIÊN ĐẶC SẢN OCOP TAM NÔNG,0916739688
CÔNG TY TNHH Y SÀI GÒN SA ĐÉC,0903715041
CÔNG TY TNHH ĐẦU TƯ THƯƠNG MẠI DỊCH VỤ MINH PHÚ GROUP,0779312105
CÔNG TY TNHH HẢO ĐĂNG PHÁT,0855544225
CÔNG TY TNHH YB STORE,0941314121
CÔNG TY TNHH TÒNG PHÁT FRUITS,0977776783
CÔNG TY TNHH DỊCH VỤ THƯƠNG MẠI TIÊN THÁI MY,0961598898
CÔNG TY TNHH THƯƠNG MẠI VÀ DỊCH VỤ CÔNG NGHỆ THÔNG TIN MEOMEO,0329720977
CÔNG TY CP TẬP ĐOÀN XNK STAR - THT,0917787900
CÔNG TY TNHH TƯ VẤN THIẾT KẾ XÂY DỰNG CẢNH QUAN ĐÔ THỊ,0336556634
CÔNG TY TNHH VẠN PHÁT STEEL,0986242646
CÔNG TY TNHH SXTMDV MINH HIẾU,0917110279
CÔNG TY CỔ PHẦN GMT ĐỒNG THÁP,0937910768
CÔNG TY TNHH THƯƠNG MẠI DỊCH VỤ ĐỨC CAO LÃNH,0837649689
HỘI CHỮ THẬP ĐỎ XÃ PHONG MỸ,0383979789
CÔNG TY TNHH DƯỢC PHẨM - VẬT TƯ Y TẾ NOLAN,08364314360939500
CÔNG TY TNHH ĐẤT THẠCH HUY,0347725819
CÔNG TY TNHH SẦU RIÊNG MUSANGKING NAM PHONG,0908552468
CÔNG TY TNHH THÁI HƯNG GIANG,0907215444
CÔNG TY TNHH 3M CHB GROUP,0939538669
CÔNG TY TNHH XNK HOA MAI VÀNG,0829200974
HỘI LUẬT GIA HUYỆN HỒNG NGỰ,0788827747
CÔNG TY CỔ PHẦN PHÁT XUÂN NHẠN,0938030852
CÔNG TY TNHH DVKT CƠ - ĐIỆN - LẠNH VÀ XÂY DỰNG VẠN ĐẠT (ĐỒNG THÁP),0907944298
CÔNG TY TNHH MTV SENVIA,0763815675
CÔNG TY TNHH TM DV XÂY DỰNG THÂN THIỆN,0939126116
VĂN PHÒNG LUẬT SƯ BÙI PHƯƠNG,0918750273
CÔNG TY TNHH SẢN XUẤT - THƯƠNG MẠI - DỊCH VỤ - NÔNG NGHIỆP GIA HƯNG SUPER,0965515024
CÔNG TY TNHH NÔNG SẢN PHÁT TÀI HỒNG NGỰ,0914072642
CÔNG TY TNHH THƯƠNG MẠI DỊCH VỤ NÔNG NGHIỆP ĐỒNG THÁP,0901056769
CÔNG TY TNHH XUẤT NHẬP KHẨU LÂM HƯNG THỊNH HỒNG NGỰ,0978199299
CÔNG TY CP XÂY DỰNG THƯƠNG MẠI DỊCH VỤ DU LỊCH HOÀNG PHÁT,0918899809
CÔNG TY TNHH THIẾT BỊ CÔNG NGHIỆP MINH PHƯỢNG,0902944273
CÔNG TY TNHH THƯƠNG MẠI DỊCH VỤ HOA YÊN,093998868
CÔNG TY TNHH THƯƠNG MẠI - DỊCH VỤ CAO MẪN ĐỒNG THÁP,0357911188
CÔNG TY TNHH SẢN XUẤT - THƯƠNG MẠI - DỊCH VỤ - NÔNG NGHIỆP SATICO,0981238190
CÔNG TY TNHH VÀNG BẠC ĐÁ QUÝ KIM PHÁT ĐỒNG THÁP,0908186188
CÔNG TY CỔ PHẦN XÂY DỰNG KIM TRƯỜNG THỊNH,0855077078
CÔNG TY TNHH THƯƠNG MẠI DỊCH VỤ NGỌC HƯỚNG,0917522515
CÔNG TY TNHH MTV QUANG DẪM,0907361437
CÔNG TY TNHH ĐẦU TƯ - THƯƠNG MẠI VÀ DỊCH VỤ NGUYỄN TÌNH,0973113114
CÔNG TY CỔ PHẦN DỊCH VỤ QUỐC TẾ ĐỘT QUỴ SIS ĐỒNG THÁP,0773320278
CÔNG TY TNHH GMT CAO LÃNH,0354064152
CÔNG TY TNHH TM SX XNK ANZ ĐỒNG THÁP,0963281169
CÔNG TY TNHH TM SINH THÁI CỬU LONG,0342554292
DOANH NGHIỆP TƯ NHÂN THÁI QUANG SA ĐÉC,0929989626
CÔNG TY TNHH THƯƠNG MẠI DỊCH VỤ CHÂU GIA PHÚ,0919278472
CÔNG TY TNHH THIẾT KẾ - XÂY DỰNG TRĂNG TRÒN,0929999890
HỢP TÁC XÃ ĐA DỊCH VỤ NÔNG NGHIỆP MỸ XƯƠNG,0907001200
CÔNG TY TNHH MTV SẢN XUẤT THƯƠNG MẠI DỊCH VỤ KIM YẾN ĐỒNG THÁP,0915529123
CÔNG TY TNHH CẦM HOA,0358408149
CÔNG TY TNHH GARAGE SƠN,092111126
CÔNG TY TNHH THIẾT KẾ VÀ XÂY DỰNG TIẾN THẮNG,0973699004
CÔNG TY TNHH ĐẠT THÀNH HOÀNG GIA ĐT,0703035559
HỢP TÁC XÃ DỊCH VỤ NÔNG NGHIỆP VÀ THƯƠNG MẠI ÁNH DƯƠNG,07751212
CÔNG TY TNHH MTV NGÀ TRƯƠNG,0396177757
CÔNG TY TNHH GMT THÁP MƯỜI,0339373139
CÔNG TY TNHH MTV NÔNG SẢN SẠCH SẢN XUẤT LÚA CÔNG NGHỆ CAO,0846527789
BAN TRỊ SỰ GIÁO HỘI PHẬT GIÁO HOÀ HẢO XÃ PHÚ CƯỜNG,0385966275
CÔNG TY TNHH CỪ TRÀM NGHĨA VẸN,0378385767
CÔNG TY TNHH XUẤT NHẬP KHẨU NÔNG SẢN VŨ KHÁP,0968909905
CÔNG TY CỔ PHẦN XUẤT NHẬP KHẨU MEKONG STAR RICE,0939039798
CÔNG TY TNHH TƯ VẤN XÂY DỰNG HƯNG LỘC,0902299255
CÔNG TY TNHH KỸ THUẬT ĐẦU TƯ SOLAR BÁCH CHÂU,0979525454
TRUNG TÂM VĂN HÓA - HỌC TẬP CỘNG ĐỒNG XÃ PHÚ THUẬN B,0944029068
CÔNG TY TNHH SẢN XUẤT NĂNG LƯỢNG XANH THÀNH CÔNG,0962562800
CÔNG TY CỔ PHẦN THƯƠNG MẠI DỊCH VỤ SKY 5,0913797744
CÔNG TY TNHH THƯƠNG MẠI DỊCH VỤ MỸ PHẨM THIÊN PHÚC,0944141414
CÔNG TY TNHH MTV ĐÀO TẠO VÀ CUNG ỨNG NHÂN LỰC MEKONG STAR,0363262926
CÔNG TY TNHH HAPPY FARMING,0788739339
TỔ HỢP TÁC SẢN XUẤT XOÀI AN TOÀN BÌNH TÂN,0969711421
CÔNG TY TNHH THƯƠNG MẠI DỊCH VỤ HÀ THÚY,0333993020
CÔNG TY TNHH THƯƠNG MẠI DỊCH VỤ XUẤT NHẬP KHẨU MỘC HÓA LOGISTICS,0868705068
CÔNG TY TNHH THƯƠNG MẠI DỊCH VỤ GIANG HOÀN,0834458686
CÔNG TY TNHH LONG MÃ VIỆT NAM,0964617644
CÔNG TY TNHH MTV NHẬT ANH - SA ĐÉC,0939111567
CÔNG TY TNHH SX&TMDV PHÚC HƯNG,0977030370
CÔNG TY TNHH THƯƠNG MẠI DỊCH VỤ NAM ĐẠI CÁT,0916777878
CÔNG TY TNHH NHA KHOA BẾN THÀNH ĐỒNG THÁP,0939659511
CÔNG TY TNHH LƯƠNG KIỀU PHƯỢNG,0769053095
CÔNG TY TNHH VẠN LỢI DASA VN,0971488688
CÔNG TY TNHH TM MTV DƯƠNG MINH,0937050228
CÔNG TY TNHH SAN LẤP NHẬT LINH,0916944956
CÔNG TY TNHH HỒNG NGỌC LAI VUNG,0907296239
CÔNG TY TNHH OTO NHẬP KHẨU NGUYỄN THÁI HÒA,0909097636
BAN LỄ HỘI ĐÌNH THẦN NHƠN HÒA,09376019352
DOANH NGHIỆP TN PHƯỚC TỨ,0913757966
CÔNG TY TNHH HÓA SINH TRÍ THỊNH,0344084803
CÔNG TY TNHH HẢI ĐỊNH FOOD,0912180850
CÔNG TY TNHH THƯƠNG MẠI DỊCH VỤ XUẤT NHẬP KHẨU NGỌC HƯỞNG,0399666600
CÔNG TY TNHH THƯƠNG MẠI SẢN XUẤT LƯƠNG THỰC KIM HÙNG,0702033717
CÔNG TY TNHH HỮU CÓ LV,0901029206
CÔNG TY TNHH MỘT THÀNH VIÊN NHÀ MÁY SẢN XUẤT GIẤY THỊNH PHÚC HƯNG - ĐT,0919553237
CÔNG TY TNHH MTV DỊCH VỤ BẢO VỆ CHUYÊN NGHIỆP THĂNG LONG CẦN THƠ - ĐỒNG THÁP,0847777096
CÔNG TY TNHH NGHỆ THUẬT BIỂU DIỄN QUỲNH AN,0834563494
CÔNG TY CỔ PHẦN ĐẦU TƯ XÂY DỰNG PHẠM GIA 66,0977063078
CÔNG TY CỔ PHẦN XUÂN PHÁT CROP SCIENCE,0907151698
CÔNG TY TNHH THƯƠNG MẠI DỊCH VỤ DU LỊCH THANH TRÚC,0966464937
CÔNG TY TNHH TƯ VẤN KHẢO SÁT THIẾT KẾ VÀ XÂY DỰNG NHƯ Ý,0364446131
CÔNG TY TNHH TRƯỜNG LẠC INTERNATIONAL,0793112687
CÔNG TY TNHH THƯƠNG MẠI DỊCH VỤ TÂM HÒA THUẬN,0776981031
CÔNG TY TRÁCH NHIỆM HỮU HẠN THIẾT KẾ VÀ XÂY DỰNG QUỐC THUẬN,0937890701
CÔNG TY TNHH MTV CHUYỂN PHÁT M & M,0387113229
CÔNG TY TNHH MTV XÂY DỰNG ÁNH GIA,0915804885
CÔNG TY TNHH NKR PETROLEUM LLP,0825377818
CÔNG TY TNHH SOLAR HUỲNH THƯỜNG,0967900106
CÔNG TY TNHH NHA KHOA HỒNG NHUNG DENTAL,0983015707
CÔNG TY TNHH THƯƠNG MAI DỊCH VỤ VẬT LIỆU XÂY DỰNG PHƯỚC TÂM,0903981929
CÔNG TY TNHH MUA BÁN NỢ HOÀNG VŨ,0914036368
CÔNG TY TNHH MTV XĂNG DẦU HỒNG NGỰ 27,0969568743
TỔ HỢP TÁC TỔ HỢP TÁC ẤP TRUNG,0919997040
HỢP TÁC XÃ NÔNG NGHIỆP TÂN PHÚ TRUNG,0939533918
"CÔNG TY TNHH SẢN XUẤT, XUẤT NHẬP KHẨU VÀ THƯƠNG MẠI THỰC PHẨM VIỆT NAM",0963123476
CÔNG TY TNHH DỰ ÁN NĂNG LƯỢNG TÁI TẠO VIỆT NAM TOTALENERGIES ENEOS 2,0946554150
CÔNG TY TNHH NĂNG LƯỢNG TÁI TẠO CRH VINA,0935386036
CÔNG TY TNHH THƯƠNG MẠI XÂY DỰNG DỊCH VỤ ĐẠI TIẾN PHÁT,0919240350
CÔNG TY TNHH KHẢO SÁT ĐỊA CHẤT VÀ NỀN MÓNG MÊ KÔNG,0949799468
CÔNG TY TNHH ĐẦU TƯ VÀ PHÁT TRIỂN HÀ HIẾU,0988628531
CÔNG TY TNHH CƠ KHÍ VIỆT LINH,0934026567
VĂN PHÒNG LUẬT SƯ HUY ĐÌNH,0939088309
CÔNG TY TNHH DV TM BẢO CHÂU,0972331021
CÔNG TY TNHH TMDV DIỆU KỲ VN,0898375338
CÔNG TY TNHH THƯƠNG MẠI MEKONG ENERGY,0938354162
CÔNG TY TNHH THƯƠNG MẠI ĐẦU TƯ HOÀNG LINH GIANG,0911343467
CÔNG TY TNHH XÂY DỰNG MINH KHÔI CONSTRUCTIONS,0917140283
HỢP TÁC XÃ KHỞI NGHIỆP TÂN HỒNG,0336691499
CÔNG TY TNHH XÂY DỰNG CƠ KHÍ H&T,0909161235
CÔNG TY TNHH LÊ CẨN,0949307404
CÔNG TY TNHH CÔNG TY TNHH VẠN LỘC THIÊN PHÚ,0844976999
CÔNG TY TNHH NHÀ HÀNG ẨM THỰC AO LÀNG,0901411666
CÔNG TY TNHH XUẤT NHẬP KHẨU LTBT,0919464146
CÔNG TY TNHH MỘT THÀNH VIÊN THƯƠNG MẠI DỊCH VỤ THẮNG LỢI TOÀN PHÁT,0903853822
CÔNG TY TRÁCH NHIỆM HỮU HẠN NÔNG SẢN SẠCH VẠN PHÁT,0911088926
CÔNG TY TNHH XÂY DỰNG -THƯƠNG MẠI GIA HƯNG ĐỒNG THÁP,0901058588
CÔNG TY TNHH MTV CÔNG NGHỆ TRUNG THỊNH,0774004719
CÔNG TY TNHH TMDV THÀNH HẢI VINA,0898088174
CÔNG TY TNHH QUẢNG CÁO CAO PHÚ,0363153308
CÔNG TY TNHH MTV QUANG SINH SA ĐÉC,0918559017
CÔNG TY TNHH MTV HOA SEN AN NHIÊN,0937004487
CÔNG TY TNHH CHẾ BIẾN TRÁI CÂY BẢO PHÚC,0902858019
CÔNG TY TNHH THƯƠNG MẠI DỊCH VỤ VẬN TẢI THÙY DƯƠNG DT,0964834069
CÔNG TY TNHH TỐ NHƯ HỒNG NGỰ,0914665127
CÔNG TY TNHH YẾN SÀO MIỀN TÂY HIỂN VINH,0962202803
DOANH NGHIỆP TƯ NHÂN MỸ HẰNG THANH BÌNH,0907779609
CÔNG TY TNHH LÊ - WIN,0914228076
CÔNG TY TNHH ĐẶC SẢN MEKONG,0329223342
CÔNG TY TNHH MỘT THÀNH VIÊN THỰC PHẨM ĐỨC TÀI,0909748635
CÔNG TY TNHH PHƯỚC TIÊN - LINH SANG,0889505463
CÔNG TY TNHH AN BÌNH PETRO,0918106779
CÔNG TY TNHH THƯƠNG MẠI DỊCH VỤ 247 ĐỒNG THÁP,0989672789
CÔNG TY TNHH XUẤT NHẬP KHẨU DỆT MAY PHƯƠNG NAM,0915888525
CÔNG TY TNHH CƠ ĐIỆN THUỲ SƠN,0939824240
CÔNG TY TNHH ĐẦU TƯ PHÁT TRIỂN THIÊN LONG CENTRAL,0969478908
CÔNG TY TNHH MTV TƯ TÔNG,09385801
CÔNG TY CỔ PHẦN KHOÁNG SẢN ĐỒNG THÁP,0915678881
CÔNG TY TNHH XÂY LẮP ĐẠI TIẾN QUÂN,0862353529
CÔNG TY CỔ PHẦN CÀ PHÊ ĐỒI CẦU ĐẤT,0939177828
"CÔNG TY TNHH NỘI THẤT- XÂY DỰNG Y""HOME",0931440409
DOANH NGHIỆP TN TRANG NGỌC TIẾN,0944161055
CÔNG TY TNHH XÂY DỰNG XUẤT NHẬP KHẨU LỤC PHÁT,0915802499
CÔNG TY TNHH XNK NÔNG NGHIỆP TẬP ĐOÀN NAM VIỆT,0349223922
CÔNG TY TRÁCH NHIỆM HỮU HẠN NÔNG NGHIỆP TRUNG KIM PHÁT,0972415624
CÔNG TY TNHH MTV ĐẬU PHỘNG RANG CÔ VÂN,0974763762
CÔNG TY TNHH THƯƠNG MẠI DỊCH VỤ ĐIỆN LẠNH GIA BẢO,0932456782
CÔNG TY TNHH THƯƠNG MẠI VÀ DỊCH VỤ NAM ANH TÚ,0967106296
CÔNG TY TNHH TMDV SẢN XUẤT NGUYÊN PHÁT,0329939348
CÔNG TY TNHH KHÔ CÁ ĐỒNG PHAN CHAO TRÀM CHIM,09492477880379
CÔNG TY TNHH MTV NĂM ĐẤU,0919716123
CÔNG TY TNHH MTV TM-DV QUẢNG CÁO KHÁNH BĂNG,0828404225
CÔNG TY TNHH MTV YẾN SÀO TÚ ANH,0902927999
CÔNG TY TNHH MAY MẶC THIỆN DƯƠNG,0337114133
CÔNG TY TNHH THƯƠNG MẠI NHIÊN LIỆU AN NHIÊN,0938144445
CÔNG TY TNHH VẬN TẢI QUỐC KIỆT,0939641459
CÔNG TY TNHH HUỲNH VĂN SỮA,0987158611
CÔNG TY TNHH SENTA FOODS,0919132335
CÔNG TY TNHH HỒNG NGỌC EXPRESS,0939889898
CÔNG TY TNHH CƠ ĐIỆN PHÁT LỢI,0932665524
CÔNG TY TNHH VƯỜN ƯƠM THỊNH PHÁT,0938828123
CÔNG TY TNHH XNK HOÀNG QUÂN USA,0938593248
CÔNG TY TNHH THỦY LỢI HẢI TRÚC,0939939994
CÔNG TY TNHH NĂNG LƯỢNG MINH KHUÊ,0329162604
CÔNG TY TNHH XÂY DỰNG VÀ CÔNG NGHỆ MINH QUI,0703638240
"HỢP TÁC XÃ THƯƠNG MẠI, DỊCH VỤ VÀ XUẤT NHẬP KHẨU ĐƯỜNG BIÊN XANH",0988208228
CÔNG TY TNHH KINH DOANH VẬT LIỆU XÂY DỰNG ĐỒNG THÁP,0775808225
CÔNG TY LUẬT HỢP DANH TÍN HƯNG VÀ CỘNG SỰ - CHI NHÁNH ĐỒNG THÁP,0834618090
CÔNG TY TNHH CƠ KHÍ XÂY DỰNG NHÀ THÉP ĐỒNG THÁP,0908999987
CÔNG TY TNHH HAI LÚA XANH VIỆT NAM,0888135798
CÔNG TY TNHH GARAGE AUTO THANH HÙNG,0907021393
CÔNG TY TNHH LẬP HƯNG THÀNH,0763814815
CÔNG TY TNHH DENAIYOU GLOBAL,0785866969
CÔNG TY TNHH DỊCH VỤ NÔNG NGHIỆP HÀ THIÊN PHÚ,0967923739
CÔNG TY TNHH BÌNH AN 29,0908527979
CÔNG TY TNHH MTV MAY MẶC LÊ GIA MEKONG,0374567673
CÔNG TY TNHH XUẤT NHẬP KHẨU ANT,0969343405
HỢP TÁC XÃ NÔNG NGHIỆP SẠCH PHÚ HƯNG,0975369383
HỢP TÁC XÃ DỊCH VỤ NÔNG NGHIỆP LONG THẮNG,0939791636
CÔNG TY TNHH VIHO GROUP,0918655985
CÔNG TY TNHH DỊCH VỤ VẬN TẢI VINH HUY,0972011651
CÔNG TY TNHH GẠO AN NHIÊN,0768888232
CÔNG TY TNHH XUẤT NHẬP KHẨU SƠN HOÀ,0353739445
CÔNG TY TNHH PHÒNG KHÁM BÀ TƯ CHÂU,0979112831
CÔNG TY TRÁCH NHIỆM HỮU HẠN MỘT THÀNH VIÊN NHÀ ĐẸP MIỀN TÂY,0934915043
CÔNG TY CỔ PHẦN LOTUS LINK GROUP,0981888832
CÔNG TY TNHH M2 GLOBAL ĐỒNG THÁP,0978356756
CÔNG TY TNHH PHADACO,0933440455
CÔNG TY TNHH TÚ TRINH FOODS-VN,094638861
CÔNG TY TNHH DỊCH VỤ THƯƠNG MẠI HT THÁI HỒNG,0971090464
CÔNG TY TNHH NHA KHOA SÀI GÒN NGUYỄN LINH,0944675989
CÔNG TY TNHH AN THUẬN PHÁT HỒNG NGỰ,0963481481
CÔNG TY TNHH HUY HOÀNG YẾN ĐỒNG THÁP,0909168252
CÔNG TY TNHH KHĂN CHOÀNG THÚY HẰNG,0939666087
CÔNG TY TNHH VƯƠNG MỸ,0817863369
CÔNG TY TNHH NĂNG LƯỢNG XANH VIỆT PHÁP,0942524078
CÔNG TY TNHH MTV TRÂM HOA,0969838900
CÔNG TY TNHH NHA KHOA HẠO NHIÊN,0937563882
CÔNG TY TNHH NHA KHOA VIỆT MỸ DENTIST,0706992792
CÔNG TY TNHH DDCC ONLINE,094296330
CÔNG TY CỔ PHẦN XUẤT - NHẬP KHẨU NÔNG SẢN MEKONG APC,0914434945
CÔNG TY TNHH SONAMIX,0902535153
CÔNG TY TNHH ORGAFER VIỆT NAM,0939459549
CÔNG TY TNHH XUẤT NHẬP KHẨU NÔNG SẢN TRỌNG THANH BH,07073907070522070
CÔNG TY TNHH YẾN SẠCH AN TÂM,0899780279
CÔNG TY TNHH XNK MEKONG NGỌC VIỆT,0974260019
DOANH NGHIỆP TN XĂNG DẦU NGỌC HẠNH,0786815783
CÔNG TY TNHH KIẾN TRÚC VÀ XÂY DỰNG T-DESIGN,0379577752
CÔNG TY TNHH PHÂN BÓN D.A.P-T&T 72,0942750468
CÔNG TY TNHH TM DV CG PHƯỚC TÂM,0918266188
CÔNG TY TNHH TM TIN HỌC THANH HIỀN HỒNG NGỰ,0817801278
CÔNG TY TNHH TRÂU VÀNG AGRISOLUTION,0972205090
CÔNG TY TNHH DỊCH VỤ DU LỊCH KIMLAVIE,0767616767
CÔNG TY TNHH SẢN XUẤT THƯƠNG MẠI THREE N T FOOD,0374112024
CÔNG TY TNHH MTV SẢN XUẤT VÀ THƯƠNG MẠI XUẤT NHẬP KHẨU LNP,0913635319
CÔNG TY TNHH THÌ LÀ FOOD VIỆT NAM,0798868680
CÔNG TY TNHH PHÚC LÂM TB,090712367
CÔNG TY TNHH NGỌC HOÀ AK,0901043478
CÔNG TY TNHH THANH KHẢI PHÁT VINA 68,0329242617
CÔNG TY TNHH MTV NGỌC CƯỜNG ĐỒNG THÁP,0939746662
CÔNG TY TNHH MTV HUY CƯỜNG THANH BÌNH,0938535921
CÔNG TY TNHH TMDV TỔNG HỢP NHƯ Ý RICE,0916243538
CÔNG TY TNHH THƯƠNG MẠI XÂY DỰNG LƯƠNG THỰC KIM SƠN,0586471586
CÔNG TY TNHH MTV THƯƠNG MẠI DỊCH VỤ BA DŨNG,0918660798
CÔNG TY TNHH M&E GIA BẢO,0938438204
CÔNG TY TNHH THƯƠNG MẠI DỊCH VỤ SIÊU VIỆT 247,0916569438
CÔNG TY TNHH THÚY THIỆN ANH,0939951848
CÔNG TY TNHH NHA KHOA THANH BÌNH,0984213789
CÔNG TY TNHH PHƯƠNG LAM ĐỒNG THÁP,0934806848
CÔNG TY CỔ PHẦN AGRIPAN - CN4,0907151698
CÔNG TY TNHH BỐC XẾP AN TÂM,0788777025
HỘI CHỮ THẬP ĐỎ XÃ HỘI AN ĐÔNG,0766804358
CÔNG TY TNHH THƯƠNG MẠI DỊCH VỤ XUẤT NHẬP KHẨU THIÊN LOAN,0393454444
DOANH NGHIỆP TƯ NHÂN XÂY DỰNG VÀ THIẾT KẾ HẠO NHIÊN,0939061202
CÔNG TY TNHH TM DV VÀ XÂY DỰNG AN NHÂN PHÁT,0969648733
CÔNG TY CỔ PHẦN FAMICARE ĐỒNG THÁP,0932999954
CÔNG TY TNHH THƯƠNG MẠI MINH HỒNG NGỰ,0949613789
CÔNG TY TNHH CÔNG NGHỆ PHẦN MỀM 5CANH,0858449469
CÔNG TY TNHH XÂY DỰNG CẢNH QUAN ĐỒNG THÁP,0911317139
CÔNG TY TNHH TMDV PHƯƠNG PHƯƠNG THẢO,0903040119
TRƯỜNG TIỂU HỌC TÂN HỘ CƠ,0918284303
CÔNG TY TNHH THƯƠNG MẠI VÀ XÂY DỰNG THÀNH TÍN ĐỒNG THÁP,0947842844
HỢP TÁC XÃ NÔNG NGHIỆP PHÚ LONG,0946816056
CÔNG TY TNHH MTV CHÁNH THỨC PHONG HÒA,0916726999
CÔNG TY TNHH THƯƠNG MẠI DỊCH VỤ THUẬN ĐIỀN ĐỒNG THÁP,0364074984
CÔNG TY TNHH THƯƠNG MẠI VÀ DỊCH VỤ XUẤT NHẬP KHẨU THIÊN PHÚC HỒNG NGỰ,0971270160
CÔNG TY TNHH MTV ĐIỆN CÔNG NGHIỆP H&H,0987852779
CÔNG TY TNHH MTV TƯ VẤN XÂY DỰNG PHÚ TIẾN,0918170182
CÔNG TY CỔ PHẦN XUẤT NHẬP KHẨU NÔNG SẢN NGUYÊN NGUYÊN,0977777837
CÔNG TY TNHH SẢN XUẤT THƯƠNG MẠI TRỌNG ĐỨC FOOD,0904886703
CÔNG TY TNHH XD-TM-DV CẢNH QUAN KIỀU PHƯỚC LỄ,0908386786
CÔNG TY TNHH TẤN TỚI TAM NÔNG,0986919934
CÔNG TY TNHH MTV LB COSMETICS,0948277547
CÔNG TY TNHH CẦM ĐỒ KIM TỐT,0347298649
CÔNG TY CỔ PHẦN TM - DV - VẬT TƯ NÔNG NGHIỆP NĂM HỒNG,0932047988
CÔNG TY TNHH ÁNH MINH QUỐC,0795833820
CÔNG TY TNHH MTV HIỆP PHÚC LỘC,0939765669
CÔNG TY TNHH MTV HÙNG TẤN LỘC,0933845151
CÔNG TY TNHH THƯƠNG MẠI SẢN XUẤT SCRAP PAPER,0703992505
CÔNG TY TNHH MAY MẶC THỊNH PHÁT DT,0374567645
CÔNG TY TNHH MTV NHA KHOA QUỐC TẾ ĐẠI THÀNH,0966157246
CÔNG TY TNHH DỊCH VỤ VÀ SỮA CHỮA XE ÔTÔ GARA AUTO 66,0987474829
CÔNG TY TRÁCH NHIỆM HỮU HẠN THƯƠNG MẠI - DỊCH VỤ XÂY DỰNG HƯNG HUY,0939007220
CÔNG TY CỔ PHẦN XUẤT NHẬP KHẨU THÀNH ĐÔ THƯỜNG PHƯỚC,0943819504
CÔNG TY TNHH GIA BẢO SA ĐÉC,0944978786
CÔNG TY TNHH XÂY DỰNG THANH PHƯỜNG,0834569754
CÔNG TY TNHH THƯƠNG MẠI DỊCH VỤ LÂM PHÚ KHANG,0799890339
CÔNG TY TNHH LƯƠNG THỰC NGỌC SANG,0707649719
CÔNG TY TNHH MTV BIOTECH ĐỒNG THÁP,0833901109
CÔNG TY TNHH BIOENERGY GIA HÒA,0977189187
HỢP TÁC XÃ NÔNG NGHIỆP THUẬN PHÁT,0939317400
CÔNG TY TNHH MTV TUẤN ANH ĐỒNG THÁP,0989980090
CÔNG TY TRÁCH NHIỆM HỮU HẠN MỘT THÀNH VIÊN CODUM,093923999
CÔNG TY TNHH NGUYÊN PHÁT PHONG MỸ,0782950864
CÔNG TY TNHH TM THÁI LÂM,0931794317
CÔNG TY TNHH THUẬN GIÀU ĐT,0389999752
CÔNG TY TNHH MỘT THÀNH VIÊN UY VÕ,0944990994
CÔNG TY CP BM HOÀN CẦU,0765558088
CÔNG TY TNHH NGỌC BÍCH KIM DUNG,0919667817
CÔNG TY TNHH TMDV PHẾ LIỆU LÂM VĂN,0762081124
CÔNG TY TRÁCH NHIỆM HỮU HẠN TƯ VẤN ĐẦU TƯ XÂY DỰNG PHÁT THIÊN,0913246919
CÔNG TY TNHH KIM CANG HỒNG NGỰ,0938366331
CÔNG TY CỔ PHẦN ĐẦU TƯ SOLASTA ĐỒNG THÁP,0889995665
HỢP TÁC XÃ SẦU RIÊNG THỊ TRẤN CÁI TÀU HẠ,0919446582
VĂN PHÒNG CÔNG CHỨNG VÕ LÊ NHƯ TIẾP,0935522355
CÔNG TY TNHH TMDV KIM LOẠI MÀU TUẤN MINH,0764018950
CÔNG TY TNHH TƯ VẤN THIẾT BỊ PCCC MINH KHANG,0789585839
CÔNG TY TNHH MTV MỸ NGHỆ AN KHANG THÁP MƯỜI,0968697243
CHI NHÁNH CÔNG TRÌNH VIETTEL ĐỒNG THÁP - TỔNG CÔNG TY CỔ PHẦN CÔNG TRÌNH VIETTEL,0975097639
CÔNG TY TNHH MỸ PHẨM DƯỢC KHÔI NGUYÊN,0983111199
CÔNG TY CỔ PHẦN ĐẦU TƯ VÀ THƯƠNG MẠI TIẾN PHÚC,0932357322
CÔNG TY TNHH THƯƠNG MẠI THI CÔNG VÀ XÂY DỰNG AN HUY,0903294567
CÔNG TY TNHH NĂNG LƯỢNG MỚI ĐỒNG THÁP,0898914763
CÔNG TY TNHH TƯ VẤN VÀ XÂY DỰNG BẠCH DƯƠNG,0837608508
CÔNG TY TNHH MOTAHERBS,0528811808
CÔNG TY TNHH MTV XÂY DỰNG CHÍ HIẾU LẤP VÒ,0868996928
CÔNG TY TNHH XÂY DỰNG VÀ QUẢNG CÁO HOÀNG GIA PHÁT,0908669938
CÔNG TY TNHH MTV TIỆM VÀNG LÊ VĂN QUÍ,09161466678
CÔNG TY TNHH VIỆT AN HOÀNG GIA,0941791778
CÔNG TY TNHH MTV NÔNG NGHIỆP TÀI TIỀN,0969845239
CÔNG TY TNHH MTV XÂY DỰNG VÀ THƯƠNG MẠI DỊCH VỤ LONG ÂN,0838852097
CÔNG TY TNHH THƯƠNG MẠI DỊCH VỤ THIỆN HÒA ĐỒNG THÁP,0392239327
CÔNG TY TNHH VI TÍNH CAMERA HOÀNG TẤN,0382671101
CÔNG TY TNHH MỸ NGHỆ NGHĨA MAI,0919155551
CÔNG TY TNHH YUMI ARGI,0364559343
DOANH NGHIỆP TN TIỆM VÀNG KIM NGA THƯỜNG PHƯỚC,0944447601
CÔNG TY TNHH TMDV KHÁCH SẠN HOÀNG GIA TN,0973595199
CÔNG TY TNHH ĐT TRÍ NHƠN,09181056910947
CÔNG TY TNHH ĐIỆN LẠNH BĂNG VIỆT,0766807009
CÔNG TY TNHH Ô TÔ VF ĐỒNG THÁP,0896460709
CÔNG TY TNHH DỊCH VỤ KHẢ HÂN ĐỒNG THÁP,0944249332
CÔNG TY TNHH VẬT TƯ NÔNG NGHIỆP NGỌC LAN,0918012992
CÔNG TY TNHH MTV LONG TIẾN GROUP,0849598689
CÔNG TY TNHH THƯƠNG MẠI NÔNG LÂM NGHIỆP QH,0707625678
CÔNG TY TNHH VẬN TẢI TRƯỜNG HẢI ĐỒNG THÁP,0916404032
CÔNG TY TNHH XUẤT NHẬP KHẨU VINH QUANG PHÁT,0348877776
CÔNG TY TNHH THƯƠNG MẠI DỊCH VỤ BẢY PHONG,0907454436
CÔNG TY CỔ PHẦN PHÂN BÓN AMAZON,0915047041
CÔNG TY CỔ PHẦN THƯƠNG MẠI XUẤT NHẬP KHẨU SƠN THỊNH,0934553042
CÔNG TY TNHH TM-DV NĂNG LƯỢNG XANH TRƯỜNG SƠN,0941406307
CÔNG TY TNHH KNDT MEKONG,0978069586
CÔNG TY TNHH KINH DOANH THƯƠNG MẠI DỊCH VỤ ĐẠI LỢI,0528811808
CÔNG TY TNHH NGÂN LỘC PHÁT ĐỒNG THÁP,0948267639
CÔNG TY TNHH XÂY LẮP TRƯỜNG AN VLG,0943069169
CÔNG TY TNHH DỊCH VỤ MÔI TRƯỜNG ĐẤT VIỆT,0909015016
CÔNG TY TNHH MTV VT TM DV DU LỊCH GIÁO ĐẠT,0938662083
CÔNG TY TNHH CƠ KHÍ VÀ XÂY DỰNG ĐẶNG KHANH,0918716161
CÔNG TY TNHH DOANH NGHIỆP XÃ HỘI SỨC KHỎE VÀ TRUYỀN THÔNG CỘNG ĐỒNG SEN CỬU LONG,0768773993
CÔNG TY TNHH CÔNG NGHỆ CHÂU ÂU LIZA-BEST,0776755553
HỢP TÁC XÃ SẢN XUẤT NÔNG NGHIỆP SINH THÁI QUYẾT TIẾN,0964898027
CÔNG TY TNHH THƯƠNG MẠI DỊCH VỤ VẠN THIÊN TÙNG,0776876879
CÔNG TY TNHH PHƯỚC HẢI LINH PHÁT,0966481656
CÔNG TY CỔ PHẦN CHẾ BIẾN XUẤT NHẬP KHẨU THỰC PHẨM FAMILY,0901256522
CÔNG TY CỔ PHẦN Y KHOA SÀI GÒN - MỸ AN 2,0904646406
CÔNG TY TNHH TMDV SẢN XUẤT BÁCH HÓA TỔNG HỢP QUÝ QUÝ,0588932819
DOANH NGHIỆP TN TIỆM VÀNG LÊ NGỌC HUỆ,0902130224
CÔNG TY TNHH KIM CHI ĐT,0814398640
CÔNG TY TNHH XD TM DV NGUYỄN TƯỜNG LÂN,0767917051
CÔNG TY TNHH XD TM DV NGUYỄN ĐÌNH LONG,0775865167
CÔNG TY TNHH PHÚ THUẬN ĐỒNG THÁP,0939993118
CÔNG TY TNHH XE ĐIỆN THANH TƯƠI,093776709
CÔNG TY TNHH NÔNG SẢN HOÀNG VIỆT,0349777922
CÔNG TY TNHH THƯƠNG MẠI DỊCH VỤ NÔNG NGHIỆP HỒNG PHÁT DRONE,09693295012
CÔNG TY TNHH D&T GREEN FOOD VN,03774041290338790
CÔNG TY TNHH MTV LÂM NGÂN THÁP MƯỜI,0919090493
CÔNG TY TNHH THƯƠNG MẠI VÀ XUẤT NHẬP KHẨU THM,0968565555
CÔNG TY TNHH EVAN MUSHROOM FARM,0762079673
VIỆN KHOA HỌC ỨNG DỤNG VÀ PHÁT TRIỂN NHÂN LỰC,0989152152
CÔNG TY TNHH DVTM ĐẤT SEN HỒNG,0588935466
CÔNG TY TNHH MUA BÁN NÔNG SẢN KIM OANH,0907525586
CÔNG TY TNHH SẢN XUẤT THƯƠNG MẠI DỊCH VỤ MÔI TRƯỜNG TRÍ QUANG,0908560123
CÔNG TY TNHH XD TM DV TRƯƠNG CƯỜNG TC,0943948224
CÔNG TY TNHH TM XD VŨ TÍNH LOGISTICS,0909512998
CÔNG TY TNHH DỊCH VỤ THƯƠNG MẠI XUẤT NHẬP KHẨU ĐÔNG PHÁT,0939352967
CÔNG TY TNHH MTV BÁCH HÓA TỔNG HỢP NHƯ HUỲNH,0842777099
CÔNG TY TNHH NÔNG SẢN NHÂN ĐỨC,0912888520
CÔNG TY TNHH CÔNG NGHỆ MẠNG GEAR,0778493756
CÔNG TY TNHH SEN HỒNG ĐỒNG THÁP,0866187672
CÔNG TY TNHH CẤP NƯỚC PHÚ CƯỜNG,0933918181
CÔNG TY TNHH TM DV XUẤT NHẬP KHẨU THANH VÂN,0349350539
CÔNG TY TNHH THƯƠNG MẠI LANNA,0788784141
CÔNG TY TNHH CÔNG NGHỆ TECHSPARK,0915475700
CÔNG TY TNHH THIẾT KẾ XÂY DỰNG NỘI THẤT MÃ NHẬT TÂN,0971825528
CÔNG TY TNHH TỔNG HỢP GỖ VÀ NỘI THẤT MINH LÀI,0567677589
CÔNG TY TNHH PHÂN BÓN HỮU CƠ ATOM CANXI ỐC,0913842635
DOANH NGHIỆP TƯ NHÂN MỘC PHƯỚC HẢI,0907711178
CÔNG TY TNHH SX - TM - DV ANH THANH TÒNG,0799067296
CÔNG TY TNHH THIẾT KẾ VÀ XÂY DỰNG THÀNH ĐẠT,0967721745
CÔNG TY TNHH XÂY DỰNG HOÀNG CHÂU BUILDING HOUSE,0909746139
CÔNG TY TNHH THƯƠNG MẠI XUẤT NHẬP KHẨU TUẤN MINH PHÁT,0974616799
CÔNG TY TNHH XD ÁNH NGỌC PHÁT,0989622639
CÔNG TY TNHH HTSHIP,0846436576
CÔNG TY TNHH ĐẦU TƯ VÀ GIAO DỊCH BẤT ĐỘNG SẢN AN BÌNH,0794307307
CÔNG TY TNHH XÂY DỰNG TMDV VÀ XNK BẮC SÔNG TIỀN,0942777456
CÔNG TY TNHH MAY XUẤT NHẬP KHẨU HẢI MY LAI VUNG,0939610639
CÔNG TY TNHH HỒ HIẾU ĐỒNG THÁP,0972450394
CÔNG TY TNHH TM-DV MỘC AN NHIÊN,0919090008
CÔNG TY TNHH TMDV NỘI THẤT GỖ BÁCH MỘC GIA,0939476398
CÔNG TY TNHH THỦY SẢN VINH HIỂN,0822222427
CÔNG TY TNHH XÂY DỰNG THƯƠNG MẠI ĐỒNG BẰNG SÔNG CỬU LONG 86,0923661166
CÔNG TY TNHH XÂY DỰNG LỘC PHÚC HẬU,0932094878
CÔNG TY TNHH ĐẦU TƯ KINH DOANH DỊCH VỤ THIÊN THÀNH,0866060296
CÔNG TY TNHH ECODRONE,0937169602
CÔNG TY TNHH DỊCH VỤ KHAI THÁC VÀ XÂY DỰNG BẢO ANH 268 ĐỒNG THÁP,0886559289
CÔNG TY TNHH XĂNG DẦU HÒA BÌNH ĐỒNG THÁP,0907765552
CÔNG TY TNHH XÂY DỰNG HOÀNG KHÔI HỒNG NGỰ,0908959480
CÔNG TY TNHH SẢN XUẤT - THƯƠNG MẠI NGỌC PHÁT RICE,0931793940
CÔNG TY TNHH NGỌC SƠN ĐỒNG THÁP,0772172723
CÔNG TY TNHH LÊ GIA TODAH,0979876476
CÔNG TY TNHH CÂY XANH CẢNH QUAN NPLAND,0775892868
CÔNG TY TNHH ONEPORT VIỆT NAM,0971817279
CÔNG TY TNHH TMDV VẬN TẢI TÀI LỘC,0325216033
CÔNG TY TNHH DVTM THIÊN HỒNG PHƯỚC,0919272789
CÔNG TY TNHH MTV CẦU VỒNG ĐỒNG THÁP,0395204481
CÔNG TY TNHH THƯƠNG MẠI DỊCH VỤ VĂN KHÔN LẤP VÒ,0775365651
CÔNG TY TNHH MTV SEN HỒNG 66 ĐỒNG THÁP,0843727828
CÔNG TY TNHH PHÚC AN NÔNG,0939566253
CÔNG TY TNHH TMDV TỔNG HỢP HẢI PHONG,0356853101
CÔNG TY TNHH XUẤT NHẬP KHẨU THUẬN PHÁT SA ĐÉC,0939442245
CÔNG TY TNHH VĨNH PHÚ HÀO,0985807279
CÔNG TY TNHH SALA ONE,0335116226
CÔNG TY CỔ PHẦN CÔNG NGHỆ 5SAO DT66,01900636083
CÔNG TY TNHH THƯƠNG MẠI XUẤT KHẨU VẠN THÀNH PHÁT,0868579217
CÔNG TY TNHH NÔNG SẢN SẠCH NGUYÊN LINH,0984539071
CÔNG TY TNHH TỔNG HỢP THIỆP TRẦN,0586468428
CÔNG TY TNHH ĐIỆN MÁY CÔNG BẢO,0879777686
CÔNG TY TNHH TMDV CÂY LÚA VÀNG,0913063550
DNTN TRUNG HUY ĐỒNG THÁP,0919560963
CÔNG TY TNHH XUẤT NHẬP KHẨU TÂN THUẬN THÀNH ĐỒNG THÁP,0977777020
CÔNG TY TRÁCH NHIỆM HỮU HẠN MỘT THÀNH VIÊN MAY BÁCH PHÁT,0903134201
CÔNG TY TNHH XÂY DỰNG VINH PHÚC LỢI CHÂU THÀNH,0772088662
CÔNG TY TNHH SX TM DV HỮU NGHỊ ĐỒNG THÁP,0939109207
CÔNG TY TNHH NGUYỄN PHẬN,0834825826
CÔNG TY CỔ PHẦN TRUNG TÂM XÉT NGHIỆM GOLAB ĐỒNG THÁP,0932999954
CÔNG TY TNHH MINH TIẾN ĐỒNG THÁP,0907653414
CÔNG TY TNHH TƯ VẤN HỌC LÁI XE VÀ DỊCH VỤ DU LỊCH VỈNH CHÂU TOURIST,0399057965
CÔNG TY TNHH THƯƠNG MẠI VÀ TỔNG HỢP KIM PHÁT,0925616621
CÔNG TY TNHH THƯƠNG MẠI DỊCH VỤ LÀNG HOA,0586468513
"MIẾU BÀ ẤP BÌNH ĐỊNH, XÃ BÌNH THÀNH",0795867721
CÔNG TY TNHH TOLE THÉP CƯỜNG PHÁT,0981244242
CÔNG TY TNHH DV TM MK ĐỒNG THÁP,0937536888
CÔNG TY TNHH MỘT THÀNH VIÊN XE ĐIỆN THANH PHONG,0856050510
CÔNG TY TNHH TM DV XNK TL GROUP,0706869353
CÔNG TY TNHH THỂ THAO TRÂM THẮNG,0926604456
CÔNG TY TRÁCH NHIỆM HỮU HẠN THƯƠNG MẠI DỊCH VỤ SẢN XUẤT QUỐC PHONG,0966700646
CÔNG TY TNHH MỘT THÀNH VIÊN AN KHANG VẠN PHÁT,0326767838
CÔNG TY TNHH ĐÔNG HUỀ,0907342707
CÔNG TY TNHH CT DRONE,0767063969
CÔNG TY TNHH MINTADRONE ENGINEERING AND TRADING,0372666807
CÔNG TY TNHH SẢN XUẤT VÀ THƯƠNG MẠI HUY NGUYÊN,0939726709
CÔNG TY TNHH MINH PHÁT TAM NÔNG,0917153152
DOANH NGHIỆP TN XUẤT NHẬP KHẨU HOA KIỂNG MINH TUẤN,0939660654
CÔNG TY TNHH SUPER ẾCH GIỐNG,0909591865
CÔNG TY TNHH MTV KHẢI THỊNH ĐỒNG THÁP,0939885580
CÔNG TY TNHH MỸ NGHỆ MINH KHOA,0398837508
CÔNG TY TNHH MTV SAN LẤP MẶT BẰNG HẢI ĐĂNG,0345966783
CÔNG TY TNHH PHƯỚC LỘC PHÁT 99,0377569192
CÔNG TY TNHH XUẤT NHẬP KHẨU NHÂN ÁI ĐỒNG THÁP,0919726259
CÔNG TY TNHH MTV THƯƠNG MẠI DỊCH VỤ KỸ THUẬT PHƯƠNG NAM,0939212527
CÔNG TY TNHH MAI XANH MEKONG,0917725114
CÔNG TY TNHH SẢN XUẤT AAA,0916930178
CÔNG TY TNHH TM HÙNG HIẾU SA ĐÉC,0939636454
CÔNG TY TNHH HOA THUYỀN,0939934659
CÔNG TY TNHH TM XNK NÔNG SẢN NEW DAWN,0868609920
CÔNG TY TNHH MTV XÂY DỰNG S.T DESIGN,03662127111
CÔNG TY TNHH HÀNG HẢI & TIẾP VẬN TQL MEKONG,0922976976
CÔNG TY CỔ PHẦN DƯỢC PHẨM TRUSTWELL PHARMA,0908663510
CÔNG TY TNHH THƯƠNG MẠI XĂNG DẦU XUÂN TRƯỜNG,0977452323
CÔNG TY TNHH AGRITECH HÙNG TẤN FOOD,0986177719
CÔNG TY TNHH KIM NGÂN LAI VUNG,0907020927
CÔNG TY TNHH TƯ VẤN XÂY DỰNG VÀ TRANG TRÍ NỘI THẤT HUY HOÀNG,0902299255
CÔNG TY TNHH CÔNG NGHỆ TÍN TIẾN,0974758899
CÔNG TY TRÁCH NHIỆM HỮU HẠN PHÂN BÓN HOÀNG KIM PHÁT,0769978886
CÔNG TY TNHH TM TEN TEN,0938612786
CÔNG TY TNHH MTV PHƯỚC NGUYỄN ĐT,0984760066
CÔNG TY TNHH VẬN TẢI NGUYỄN VĂN LÀNH,0919443757
HỢP TÁC XÃ DỊCH VỤ TỔNG HỢP HÒA THUẬN,0849777061
VĂN PHÒNG LUẬT SƯ BÍCH PHƯỢNG VÀ CỘNG SỰ,0938325823
CÔNG TY TNHH SX TM DỊCH VỤ THÀNH TÂM SA ĐÉC,0939912952
HỢP TÁC XÃ DỊCH VỤ NÔNG NGHIỆP ĐẤT NGỌT,0918624852
CÔNG TY TNHH XUẤT NHẬP KHẨU THUẬN PHÁT ĐỒNG THÁP,0949217229
CÔNG TY TNHH MỘT THÀNH VIÊN DUY LOAN,0776549258
CÔNG TY TNHH TƯ VẤN ĐẦU TƯ VÀ XÂY DỰNG HÙNG CƯỜNG GROUP,0942699926
CÔNG TY TRÁCH NHIỆM HỮU HẠN PHÁT TRIỂN THƯƠNG MẠI XÂY DỰNG THIÊN TÂN,0907919151
CÔNG TY TNHH ĐẠI VIỆT FARM,0946982758
CÔNG TY TNHH MỸ NGHỆ EVERGREEN,0904141128
CÔNG TY TNHH PHÚC THẠNH XUÂN ,0944662949
CÔNG TY TNHH THỰC PHẨM CHUNG MỸ VIỆT NAM,0938182423
CÔNG TY TNHH MỘT THÀNH VIÊN SẢN XUẤT THƯƠNG MẠI XÂY DỰNG VẬN TẢI THÁI HOÀNG,0375292929
CÔNG TY TNHH SẢN XUẤT VÀ THƯƠNG MẠI THÁI DƯƠNG - HỒNG NGỰ,0839996161
CÔNG TY TNHH SEN HOUSE,0946033343
CÔNG TY TNHH TƯ VẤN VÀ XÂY DỰNG NGUYÊN THỊNH,0838888274
CÔNG TY TNHH XD THÁI THIỆN,0899676336
CÔNG TY TNHH THƯƠNG MẠI DỊCH VỤ WIN GROUP T&T,0988397579
CÔNG TY TNHH MỘT THÀNH VIÊN LONG LỈNH,0949116648
CÔNG TY TNHH MIỄN THUẾ DINH BÀ,0918176247
CÔNG TY TNHH PHÚC LỘC THỌ ĐỒNG THÁP,0912346429
CÔNG TY TNHH MINH NHÍ KVC,0765552979
CÔNG TY TNHH VẬN TẢI THIỆN TRANG,0369737577
CÔNG TY TNHH THƯƠNG MẠI DỊCH VỤ TRUNG HIẾU HHP,0946666545
CÔNG TY TNHH MAY MẶC PHAN THIÊN PHÚ,0987959296
CÔNG TY TNHH XÂY DỰNG QUẢNG CÁO NHOME,0393917139
CÔNG TY TNHH TRẦN ĐINH JAPAN,0919667061
CÔNG TY TNHH SẢN XUẤT VÀ THƯƠNG MẠI VIÊN NÉN ECO,0919707636
CÔNG TY TNHH MY TÂM,0943025928
CÔNG TY TNHH NUÔI TRỒNG THỦY SẢN EMEKA ,0334928647
CÔNG TY TNHH NÔNG NGHIỆP BIOCHAR,0826946768
DNTN TIỆM VÀNG KIM HOA - NGỌC TUYỀN,0933273339
CÔNG TY TNHH THƯƠNG MẠI DỊCH VỤ HỮU CƠ SINH HỌC JP,0939329277
CÔNG TY TNHH RIWAY 189,0354999089
CÔNG TY TNHH SẢN XUẤT VÀ THƯƠNG MẠI OREA,0906630426
CÔNG TY TNHH DỊCH VỤ THƯƠNG MẠI VẬN TẢI TRẦN NGUYỄN,0772853689
CÔNG TY TNHH DỊCH VỤ GIÁO DỤC LÊ NU,0918844628
CÔNG TY TNHH THƯƠNG MẠI HẢI ANH ĐỒNG THÁP,0988459191
CÔNG TY CỔ PHẦN NHỰA MIỀN NAM SCG,0868117744
CÔNG TY CỔ PHẦN MINH NÔNG 66,0907550077
CÔNG TY TNHH DV VẬN TẢI QUỐC TẾ BẢO LONG,0907849567
CÔNG TY TNHH THƯƠNG MẠI DỊCH VỤ MINH ĐĂNG PHÁT VN,0965375038
CÔNG TY TNHH XUẤT NHẬP KHẨU HIỆP LỢI - PHƯỚC THÀNH,0979956677
CÔNG TY TNHH XÂY DỰNG VÀ KINH DOANH VLXD NGHĨA PHƯƠNG,0946367756
CÔNG TY TNHH GN MEDIA ,0775852864
CÔNG TY TNHH THƯƠNG MẠI VÀ DỊCH VỤ KHOÁNG SẢN ĐẠI HÀ SA,0877720275
CÔNG TY TNHH THƯƠNG MẠI DỊCH VỤ XÂY DỰNG PHÚC LỘC 79,0919521152
CÔNG TY TNHH THƯƠNG MẠI DỊCH VỤ THUẬN PHÁT ĐT,0911093736
CÔNG TY TNHH TV - TM - DV GĐT,0939982339
CÔNG TY TNHH MTV MUA BÁN VÀNG LIÊM TRINH ,0919662089
CÔNG TY TRÁCH NHIỆM HỮU HẠN SÁNG TẠO SỐ VIỆT NAM,0919128588
CÔNG TY CỔ PHẦN PHÂN BÓN HỮU CƠ ĐẤT XANH,09220757770909
CÔNG TY TNHH XÂY DỰNG MISS SÀI GÒN,0823708049
CÔNG TY TNHH YẾN SÀO THIÊN LAN,0917737922
CÔNG TY TNHH ĐIỆN TỬ ĐIỆN LẠNH KHƯƠNG TÍNH,0397973800
CÔNG TY TNHH SX-TM ĐIỆN LẠNH BĂNG TUYẾT VIỆT NAM,0766807009
CÔNG TY TNHH THƯƠNG MẠI DỊCH VỤ XUẤT NHẬP KHẨU HIỆP SANH TỒN,0949995887
CÔNG TY TNHH ĐT TK VÀ XD THÀNH DANH,0939015918
CÔNG TY TNHH IN ẤN PHÚC QUANG,0796638996
CÔNG TY TNHH THƯƠNG MẠI DỊCH VỤ XUẤT NHẬP KHẨU ĐĂNG HUY RICE FOOD,0948904116
CÔNG TY TNHH TƯ VẤN THIẾT KẾ ĐẦU TƯ XÂY DỰNG T&C,0932903266
CÔNG TY TNHH SƠN HẢI ÂU PHÁT SƯƠNG,0767959824
CÔNG TY TNHH MAI FLORIST ,0939782336
CÔNG TY TNHH THƯƠNG MẠI DỊCH VỤ XUẤT NHẬP KHẨU QUỐC TẾ GOLDAGRI,0907929619
CÔNG TY TNHH MTV VẬT LIỆU XÂY DỰNG THƯ KIÊN ,0939097134
CÔNG TY TNHH NÔNG THÀNH PHÁT,0399485879
CÔNG TY TNHH MTV XÂY DỰNG ĐẠI PHONG,0796511568
CÔNG TY TNHH TÀI DUY PHÁT,09182186480932880
CÔNG TY TNHH THƯƠNG MẠI VÀ XUẤT NHẬP KHẨU BÔNG GÒN XANH,0944999899
CÔNG TY TNHH ĐẦU TƯ THƯƠNG MẠI XÂY DỰNG ĐẠI MINH PHÁT,0357236779
CÔNG TY TNHH CÔNG NGHỆ KỸ THUẬT TOÀN TIẾN,0706860698
CÔNG TY TNHH SAKURA PAINT VIỆT NAM,0794392379
CÔNG TY TNHH PHÁT TRIỂN BẤT ĐỘNG SẢN ĐỒNG THÁP,0989089690
CÔNG TY TNHH THƯƠNG MẠI MAY MẶC THỊNH VƯỢNG,0913907808
CÔNG TY TNHH CƠ KHÍ NÔNG NGHIỆP ULT,0765690694
CÔNG TY TNHH THƯƠNG MẠI DỊCH VỤ XUẤT NHẬP KHẨU HOÀNG THIỆN,0778162060
CÔNG TY TNHH ĐƯỢC MÙA ĐỒNG THÁP,0945523738
CÔNG TY CỔ PHẦN PHÚ THIÊN ÂN PLA,0339747399
CÔNG TY CỔ PHẦN VẬT LIỆU XÂY DỰNG VÀ THI CÔNG XÂY DỰNG CẦU ĐƯỜNG - ĐƯỜNG SẮT 89,0913725279
CÔNG TY CỔ PHẦN SX VIET NAM RICE,0989595468
CÔNG TY TRÁCH NHIỆM HỮU HẠN TƯ VẤN THIẾT KẾ VÀ GIÁM SÁT CÔNG TRÌNH XÂY DỰNG MIỀN TÂY,0916714739
CÔNG TY TNHH GIÁO DỤC NGOẠI NGỮ HỒNG KÔNG,0333924928
CÔNG TY TNHH XD DV & TM TOÀN THẮNG,0933512408
CÔNG TY TNHH XUẤT NHẬP KHẨU GẠO THÀNH PHÁT,0948749009
CÔNG TY TNHH MTV CHÂU DUY,0886810707
CÔNG TY TNHH KỸ THUẬT ĐIỆN HUY CHƯƠNG,0986715350
CÔNG TY TNHH DIỆU PHÚC FARM,0918331223
CÔNG TY TNHH THƯƠNG MẠI DỊCH VỤ ĐỒNG VÀNG ĐỒNG THÁP,0914615970
CÔNG TY TNHH TP THƯỜNG PHƯỚC,070711177
CÔNG TY TNHH THƯƠNG MẠI DỊCH VỤ XUẤT NHẬP KHẨU NÔNG SẢN BÌNH QUYÊN,0939791933
CÔNG TY TNHH NGUYỄN NAM SA ĐÉC,0898496614
CÔNG TY TNHH GIẢI TRÍ HẢI THIÊN LONG,0908174087
CÔNG TY TNHH SẢN XUẤT THƯƠNG MẠI DỊCH VỤ ĐẦU TƯ XÂY DỰNG ST 16,0917548199
CÔNG TY TNHH MTV GIA HƯNG AN NHIÊN,0399924099
CÔNG TY TNHH MOR THERAPIES,0916129178
CÔNG TY TNHH THƯƠNG MẠI BI'S MART,0899055866
CÔNG TY TNHH THƯƠNG MẠI DỊCH VỤ Y TẾ HUỲNH VINH,09329309085
CÔNG TY TNHH THƯƠNG MẠI LƯƠNG THỰC THỰC PHẨM QUỐC MINH,0971665858
CÔNG TY TNHH BẤT ĐỘNG SẢN HÙNG LÂM ĐỒNG THÁP,0779969968
CÔNG TY TNHH DỊCH VỤ BẢO VỆ THỰC VẬT ĐỒNG THÁP,0939398396
CÔNG TY TNHH LAN TRƯƠNG NGỌC,0359246211
CÔNG TY TNHH THƯƠNG MẠI HIỆP VINH,0901869449
CÔNG TY TNHH GIẢI PHÁP NÔNG NGHIỆP NICOTEX FLY THÁP MƯỜI DRONE,0786181838
CÔNG TY TNHH XUẤT KHẨU QUỐC TẾ MÙA VỤ VÀNG,0918100985
CÔNG TY TNHH MTV THƯƠNG MẠI THỰC PHẨM TÂM ĐỨC FRESH FOOD,0967667632
CÔNG TY TNHH THƯƠNG MẠI VÀ DỊCH VỤ DU LỊCH TQN,09137332855
CÔNG TY TNHH THƯƠNG MẠI DỊCH VỤ XÂY DỰNG NK,0909126187
DOANH NGHIỆP TN TIỆM VÀNG TUẤN TÚ,0939474778
CÔNG TY TNHH MTV TM DV ĐIỆN LẠNH HÙNG BẢO NAM,0963616238
CÔNG TY TNHH TÔN THÉP GIA PHÁT,0338420468
CÔNG TY TNHH XNK TRÚC AN THỊNH ,0844656656
CÔNG TY TNHH TRANG TRÍ NỘI THẤT MỘC ANH KHÔI,0901012266
CÔNG TY TNHH NÔNG LÂM THỦY HẢI SẢN TÂM ĐỨC PHÁT,0939904906
CÔNG TY TNHH MTV PHƯƠNG PHÚ LONG,0977163363
CÔNG TY TNHH DVXD TM KT ĐÔ THÀNH,0376355085
CÔNG TY TNHH GIẢI PHÁP THÔNG TIN NTK,0939278199
CÔNG TY TNHH XUẤT NHẬP KHẨU TỔNG HỢP THANH THUÝ,0989415418
CÔNG TY TNHH PHÚ THỊNH LAI VUNG,0933442886
CÔNG TY TNHH ĐIỆN LẠNH THANH PHƯỚC,0903617837
CÔNG TY TRÁCH NHIỆM HỮU HẠN XÂY DỰNG THÀNH CHÂU TVD,0352134167
CÔNG TY TNHH XNK NÔNG DƯỢC CẦN THƠ,0939172534
CÔNG TY TNHH CÔNG NGHỆ GREENMOUNT,0345712374
CÔNG TY TNHH ĐỒNG PHỤC VÀ VĂN PHÒNG PHẨM ĐỒNG THÁP,0967799522
CÔNG TY TNHH XÂY DỰNG HOÀNG PHÁT THÁP MƯỜI,0325650077
CÔNG TY CỔ PHẦN NHÀ HỌ TRẦN SỞ THƯỢNG ĐỒNG THÁP,0886980999
CÔNG TY TNHH TM DV MẠNH MAI,0933765576
CÔNG TY TNHH TƯ VẤN LÁI XE GIA THUẬN,0819909606
CÔNG TY TNHH CÂN ĐIỆN TỬ HOÀNG ĐẠT,0932939457
CÔNG TY TNHH XÂY DỰNG THƯƠNG MẠI DỊCH VỤ PHÚ QUÝ HỒNG NGỰ,0918133758
CÔNG TY TNHH XUẤT NHẬP KHẨU TỔNG HỢP ĐỨC DUY,0943336321
CÔNG TY TNHH MTV PHÚ THÀNH 207,0966680781
CÔNG TY TNHH GGI INTERNATIONAL,0911732048
CÔNG TY TNHH NGHỆ THUẬT BIỂU DIỄN DUY AN ,09032131163
CÔNG TY TNHH VIỆT HỒNG RICE,0977728074
CÔNG TY TNHH TM-DV NÔNG LỘC PHÁT,0373055529
CÔNG TY TNHH BEE GOLD,0907501133
CÔNG TY TNHH ÂM NHẠC GENIUS,0901513077
CÔNG TY TNHH 1TV THƯƠNG MẠI VƯƠNG TRÍ CƯỜNG,0949892099
CÔNG TY TNHH THƯƠNG MẠI DỊCH VỤ XUẤT NHẬP KHẨU NÔNG SẢN GIA PHÁT,0967856742
CÔNG TY TNHH TƯ VẤN THIẾT KẾ AN THỊNH ĐỒNG THÁP,0939633686
CÔNG TY TNHH SX TM XNK BONG BÓNG CÁ NHẬT QUỐC,0939675795
CÔNG TY TNHH SX & TM NÔNG SẢN - THỰC PHẨM PHƯƠNG ANH ĐỒNG THÁP,0939081916
CÔNG TY TRÁCH NHIỆM HỮU HẠN MỘT THÀNH VIÊN ICEZY,0364532428
CÔNG TY TNHH MTV XÂY DỰNG MINH ĐẠT,0372252715
CÔNG TY TNHH XÂY DỰNG TRỌNG TÍNH,0907450526
CÔNG TY TNHH MTV KHÁNH AN ĐỒNG THÁP,0823632803
CÔNG TY TNHH MTV THƯƠNG MẠI HÙNG PHÁT FRESH FOOD,0939979242
CÔNG TY TNHH CƠ KHÍ QUỐC MỘNG,0918254888
CÔNG TY TNHH NHÀ NÔNG PHÁT TRIỂN,0363283737
CÔNG TY TNHH MTV TM VÀ DV XE MÁY NHẤT LÂM LAI VUNG,0916484129
CÔNG TY TRÁCH NHIỆM HỮU HẠN MỘT THÀNH VIÊN VẬT LIỆU XÂY DỰNG NĂM HẢI,0948622096
CÔNG TY TNHH USCF,0982020573
CÔNG TY TNHH NAM TRẤU,0379964629
CÔNG TY TNHH XUẤT NHẬP KHẨU QUÝ SANG,0796991368
CÔNG TY TNHH THỦY SẢN MEKONG BT,0987410543
CÔNG TY TNHH HHM SA ĐÉC,0782170676
CÔNG TY TNHH THƯƠNG MẠI DỊCH VỤ TIN HỌC HOÀI PHONG,0914884977
CÔNG TY TNHH PHƯỚC LỘC THÁP MƯỜI ,0937112273
CÔNG TY TNHH DỊCH VỤ QUẢNG CÁO TUẤN KIỆT,0939347088
CÔNG TY TNHH NGỌC NHƯ MỚI,0819709630
CÔNG TY TNHH MỸ THUẬT ANH THƯ ART ,0776904128
CÔNG TY TNHH BÌNH TRẤU,0853531229
CÔNG TY TNHH THƯƠNG MẠI VÀ DƯỢC PHẨM PHÚ KHOA,0385007700
CÔNG TY TNHH SẢN XUẤT THƯƠNG MẠI NGA THẢO,0919272633
CÔNG TY TRÁCH NHIỆM HỮU HẠN MỘT THÀNH VIÊN XÂY DỰNG MAI THANH TÙNG,0919028276
CÔNG TY TNHH BÙI HUỲNH TÂN,0901912314
CÔNG TY TNHH THỰC PHẨM SAO KHUÊ ĐỒNG THÁP,0362000568
CÔNG TY TNHH HIẾU THẢO ĐỒNG THÁP,0909555122
CÔNG TY TNHH NĂNG LƯỢNG SẠCH MINH LÂM,0943449979
CÔNG TY CỔ PHẦN ĐẦU TƯ XÂY DỰNG SẢN XUẤT THƯƠNG MẠI MINH HƯNG,0907848432
CÔNG TY TNHH MTV THUẬN SONG ANH,0904862606
DOANH NGHIỆP TN HUỲNH CƯỜNG LAI VUNG,0919660178
CÔNG TY TNHH MTV NÔNG SẢN TẤN HỮU,0913913902
CÔNG TY TNHH CƠ GIỚI THIÊN PHÚ,0942244509
CÔNG TY TNHH GIẢI PHÁP SỐ HƯNG LONG,0889368968
CÔNG TY TNHH SX TM CHẾ BIẾN NÔNG SẢN QUANG VINH,0775712369
CÔNG TY TNHH XÂY DỰNG Ý KHANG,0907300338
CÔNG TY TNHH ĐTXD ĐỒNG TÂM,0914292585
CÔNG TY TNHH THƯƠNG MẠI - XÂY DỰNG NAM HUỲNH,0903005333
CÔNG TY TNHH NGÔ QUYỀN TM,0917358475
CÔNG TY TNHH THƯƠNG MẠI XUẤT NHẬP KHẨU TRUNG NAM ĐỒNG THÁP,0919924521
CÔNG TY TNHH DT9 THÚY LOAN,09426006680916900
CÔNG TY TNHH MTV NÔNG SẢN HỒNG LÂM,0918689034
CÔNG TY TNHH ĐẦU TƯ XÂY DỰNG HUY HUY HOÀNG,0908529304
DOANH NGHIỆP TƯ NHÂN ĐÀO KHÁNH NHI,0918366856
CÔNG TY TNHH CÔNG NGHỆ THUẬN ĐIỀN,0919599378
CÔNG TY TNHH GIẢI PHÁP XANH AZOLLA,0908677078
CÔNG TY TNHH GẠO MEKONG,0345468369
CÔNG TY TNHH MTV XÂY DỰNG QUANG DUY,0398424110
CÔNG TY TNHH MỘT THÀNH VIÊN TM - DV - XD - THỊNH PHÚC ,0818288554
CÔNG TY TNHH DỊCH VỤ CUNG ỨNG LAO ĐỘNG MIỀN ĐẤT MỚI,09081183213
CÔNG TY TNHH SA ĐÉC GLORY,0939173984
CÔNG TY TNHH MTV LƯƠNG THỰC MINH NGHĨA,0907875479
CÔNG TY TNHH MỘT THÀNH VIÊN GIA THỊNH AN GIANG - LỘC THỊNH PHÁT,0388442424
CÔNG TY TNHH XÂY DỰNG THỊNH THẾ,0939897919
CÔNG TY TNHH THÀNH CHƯƠNG ĐỒNG THÁP,0779965646
CÔNG TY TNHH DV VẬN TẢI PHÚC THIÊN ÂN ,0919196166
CÔNG TY TNHH THƯƠNG MẠI XUẤT NHẬP KHẨU LƯƠNG THỰC ĐẠT THÀNH,0914477573
CÔNG TY TNHH XÂY DỰNG VÀ PHÁT TRIỂN NGÔI NHÀ VIỆT,0908612681
CÔNG TY TNHH THIÊN PHÚ LỘC ĐỒNG THÁP,09181239018
CÔNG TY TNHH TMDV IN ẤN KTS HOÀNG DUNG,09777767170
CÔNG TY CỔ PHẦN STAR FOOD,09080320709
CÔNG TY CỔ PHẦN HỆ SINH THÁI DOANH NGHIỆP,0939526665
CÔNG TY TNHH TM DV NGHĨA KHANG,0336644653
CÔNG TY TNHH MTV NGUYÊN TRUNG ÂU VINA,0383286678
CÔNG TY TNHH THƯƠNG MẠI DỊCH VỤ XUẤT NHẬP KHẨU NÔNG SẢN VĂN DŨNG,0846367666
CÔNG TY TNHH SX TM DV ĐẠI THỊNH PHÁT,0921126838
CÔNG TY TNHH PNKV,0946418942
CÔNG TY TNHH XÂY DỰNG THƯƠNG MẠI DỊCH VỤ THẨM LINH,0949356388
CÔNG TY TNHH MTV XÂY DỰNG AN MINH KHOA,0939278630
CÔNG TY CỔ PHẦN DỊCH VỤ SẢN XUẤT LAVU,0963368388
CÔNG TY TNHH XÂY DỰNG SONG HÀO,0919332980
CÔNG TY TNHH THƯƠNG MẠI DỊCH VỤ DUYÊN ANH ĐT,0947939295
CÔNG TY TNHH THƯƠNG MẠI XÂY DỰNG TIẾN DŨNG AG,0374046156
CÔNG TY TNHH HOÀNG GIA BẢO THẮNG,0849949319
CÔNG TY TNHH TƯ VẤN ĐỒNG TIẾN,0943316060
CÔNG TY TNHH MTV XÂY DỰNG VÀ THƯƠNG MẠI TỔNG HỢP NHÂN NGHĨA,00
CÔNG TY TNHH KHAI THÁC KHOÁNG SẢN NGỌC MEKONG,0348333909
CÔNG TY TNHH MTV GIẢI PHÁP CÔNG NGHỆ QUỐC THUẬN,0944432978
CÔNG TY TNHH CÔNG NGHỆ ĐIỆN ĐỨC HÒA,0982199365
CÔNG TY TNHH MTV NÔNG SẢN PHÁT LỘC,0939727226
CÔNG TY TNHH ÁNH TRƯỜNG SƠN,0939656598
CÔNG TY TNHH TMDV VLXD XAY XÁT VÀ MUA BÁN HÀNG NÔNG SẢN ÚT CÔNG,0918044411
CÔNG TY TNHH THƯƠNG MẠI DỊCH VỤ NGUYỄN SƠN,0975362044
DNTN CÂY KIỂNG HOA HỒNG XANH,0915181944
CÔNG TY CỔ PHẦN CẬU HAI,0774757879
CÔNG TY CỔ PHẦN PHÚC ĐÔNG A,0986300381
CÔNG TY TNHH LÂM MINH KHÔI,0855205056
CÔNG TY TNHH MỘT THÀNH VIÊN DỊCH VỤ DU LỊCH KIM HOA PHÚC,0939869108
CÔNG TY TNHH THƯƠNG MẠI ĐẦU TƯ PHÁT TRIỂN XÂY DỰNG PHÚC PHÁT TÀI,0918212894
CÔNG TY TNHH PHÂN BÓN HỮU CƠ SẾU VIỆT,0854499889
CÔNG TY TNHH THƯƠNG MẠI DỊCH VỤ VÀ XUẤT NHẬP KHẨU THÁP MƯỜI,0779209963
CÔNG TY TNHH TM - DV QUẢNG CÁO VĨNH KHANG,0939998772
CÔNG TY TNHH THƯƠNG MẠI DỊCH VỤ & XÂY DỰNG NGUYỄN NGỌC,0907264689
CÔNG TY TNHH VLXD MỸ KHÊ,0944446272
CÔNG TY TNHH THƯƠNG MẠI TIN HỌC THANH HIỀN,0909710679
CÔNG TY TNHH DUY TÂN PHÁT,0908904838
CÔNG TY TNHH DỊCH VỤ VẬT LIỆU XÂY DỰNG PHÚ THUẬN,0914429681
CÔNG TY TNHH KIM THUẬN ĐỒNG THÁP,0832507213
CÔNG TY TNHH THƯƠNG MẠI PHÁT TRIỂN NÔNG NGHIỆP HỮU CƠ THÁP MƯỜI,0919965960
CÔNG TY TNHH ĐẦU TƯ THƯƠNG MẠI XÂY DỰNG HỮU LUÂN,0919333454
CÔNG TY TNHH TRUNG PHONG ĐỒNG THÁP,0917549989
CÔNG TY TNHH CALAFOOD,0337200176
CÔNG TY TNHH ĐẦU TƯ XÂY DỰNG THỊNH PHÁT ĐỒNG THÁP,0333473460
CÔNG TY TNHH NÔNG SẢN XUÂN NHỊ,0383280186
CÔNG TY TNHH XÂY DỰNG THƯƠNG MẠI THANH PHONG CAO LÃNH,0939161612
CÔNG TY TNHH DỊCH VỤ ĐẦU TƯ XÂY DỰNG PHÚ THUẬN,0914429681
CÔNG TY TNHH LÊ PHẠM SA ĐÉC,09396604500939
CÔNG TY CỔ PHẦN TẬP ĐOÀN NÔNG NGHIỆP AMAZON,0915047041
CÔNG TY TNHH TOÀN PHÁT ADZ,0898821256
CÔNG TY TNHH MTV TM - XNK TIỆM VÀNG KIM ANH NGỌC,0327399943
CÔNG TY TNHH NÔNG SẢN NU PHÁT TÀI,0387809837
CÔNG TY TNHH MTV TÍN HÒA ĐỒNG THÁP,0901180638
CÔNG TY TNHH MTV TÍN NHÂN TÂM,0355290290
CÔNG TY TNHH TƯ VẤN HỖ TRỢ GIÁO DỤC AN LỘC PHÁT,0855369468
CÔNG TY TNHH MTV XÂY DỰNG THANH HIỂU,0834511176
CÔNG TY TNHH TCV TRƯỜNG THỊNH,0914627776
CÔNG TY TNHH ĐẦU TƯ PHÁT TRIỂN MEKONG LÀNG HOA,0919123405
CÔNG TY TNHH ĐẦU TƯ VÀ KINH DOANH HẠ TẦNG ĐÔ THỊ ĐỒNG THÁP,0989089690
CÔNG TY TNHH XNK - TM&DV HẢI NHUNG,0949755939
DNTN TIỆM VÀNG HƯƠNG,0939651343
CÔNG TY TNHH XÂY DỰNG NHÀ Ở VÂN ANH,0397814879
CÔNG TY TNHH MỸ PHẨM XANH MIK-Q,0907188664
CÔNG TY TNHH MTV NÔNG SẢN AN PHƯỚC,0922367110
CÔNG TY TNHH MTV XÂY LẮP ĐIỆN PHÁT ĐẠT,0795959395
CÔNG TY TNHH Y KHOA HÀ DŨNG,0919155589
CÔNG TY TNHH TMDV TMT ĐỒNG THÁP,0977495959
CÔNG TY TNHH DU LỊCH RỒNG MEKONG,0392394548
CÔNG TY TNHH XNK QUỐC TẾ VIỆT ĐỨC,0919539428
CÔNG TY TNHH MTV NÔNG SẢN NHẬT TÂN,0925154723
CÔNG TY TNHH MTV TM HIỆP PHÚC HIỆP,0939703337
CÔNG TY CỔ PHẦN DỊCH VỤ 888,0901039115
CÔNG TY TNHH AGRIBIOCHEM VN,0939117455
CÔNG TY TNHH THƯƠNG MẠI VÀ DỊCH VỤ SÔNG TIỀN,0962888686
CÔNG TY TNHH LƯƠNG THỰC TRUNG HIẾU,0879059814
CÔNG TY TNHH XÂY DỰNG THANH HƯNG ĐỒNG THÁP,0942662179
CÔNG TY TNHH HỒNG PHÁT THANH BÌNH,0987684981
CÔNG TY CỔ PHẦN CÔNG NGHỆ SỐ AZSOFT,0933558229
CÔNG TY CỔ PHẦN NICE SPACE GROUP,0976500110
CÔNG TY TNHH THƯƠNG MẠI SẢN XUẤT XÂY DỰNG BÌNH ĐIỀN,0936838638
CÔNG TY CỔ PHẦN ROMAS,0336930792
CÔNG TY TNHH HÓA CHẤT NÔNG NGHIỆP MIỀN NAM,0989795984
CÔNG TY TNHH MTV Y HỌC CỔ TRUYỀN - DƯỢC SÀI GÒN,0818826758
CÔNG TY TNHH MTV SẢN XUẤT THƯƠNG MẠI NÔNG NGHIỆP SAO VÀNG,0767916418
CÔNG TY TNHH ĐẦU TƯ VÀ PHÁT TRIỂN TUYỀN DOANH MIỀN TÂY,0988565850
CÔNG TY TNHH TẤN LỘC TÀI CHÂU THÀNH,0901099978
CÔNG TY TNHH MTV ĐỒNG THÁP XANH,0907615256
CÔNG TY TNHH MTV SƠN ANH QUẢNG,0383794418
DNTN NDK ĐỒNG THÁP,0979681236
CÔNG TY TNHH NÔNG SẢN PHÁT THẠNH,0775831953
CÔNG TY TNHH THƯƠNG MẠI DỊCH VỤ ẨM THỰC DU LỊCH LÀNG BÈ AN PHONG,0918999104
CÔNG TY TNHH XÂY DỰNG DỊCH VỤ THƯƠNG MẠI HELENE HỒNG NGỰ,0911726464
CÔNG TY CỔ PHẦN ECOGRAINS,0933407975
CÔNG TY TNHH TM-XD-DV LƯƠNG THỰC NÔNG TRƯỜNG XANH,0799628499
CÔNG TY TNHH XÂY DỰNG DỊCH VỤ THƯƠNG MẠI PHƯƠNG LINH HỒNG NGỰ,0901048836
CÔNG TY TNHH THƯƠNG MẠI VÀ THẨM MỸ BÁCH PHÁT,0907210586
CÔNG TY TNHH 2TV XĂNG DẦU SANG DƯ,0939085949
CÔNG TY TNHH THƯƠNG MẠI VÀ XÂY DỰNG ĐẠT THỊNH PHƯỚC,0799606335
CÔNG TY TNHH CƠ KHÍ XÂY DỰNG MẠNG VIỄN THÔNG CỬU LONG,0939838987
CÔNG TY TNHH CÔNG NGHỆ VÀ DỊCH VỤ ĐỒNG TIẾN,0838848898
CÔNG TY TNHH ĐẦU TƯ KINH DOANH PHÁT TRIỂN CHỢ TRƯỜNG THỊNH,0931095992
CÔNG TY TNHH KIM LỢI KIM,0918929123
CÔNG TY TNHH XUẤT NHẬP KHẨU KIM HÂN LV,0964410938
CÔNG TY TNHH THƯƠNG MẠI XUẤT NHẬP KHẨU MINH HOÀNG ANH,0967676789
CÔNG TY TNHH NGỌC TÙNG 89,0939076226
CÔNG TY TNHH DOCIMEX-FARM,0918667881
CÔNG TY TNHH XÂY DỰNG DỊCH VỤ LƯƠNG THỰC THỰC PHẨM NGỌC HƯƠNG,0768810547
CÔNG TY TNHH THƯƠNG MẠI HÓA CHẤT SÀI GÒN,0845282829
DNTN PHƯỚC LỘC ĐỒNG THÁP,0388795745
CÔNG TY TNHH TƯ VẤN THIẾT KẾ XÂY DỰNG HOÀNG MINH TAM NÔNG,0907256548
DNTN Ý NÀNG,0853848098
CÔNG TY TNHH XÂY DỰNG DỊCH VỤ THƯƠNG MẠI NGUYỄN DUNG HỒNG NGỰ,0388340973
CÔNG TY TNHH MTV ĐOÀN NGỌC PHÁT,0974302854
CÔNG TY TNHH SẢN XUẤT DẦU THỰC VẬT THIÊN PHÚC,0766861234
CÔNG TY TNHH MINH TRỌNG TRÍ,0938603872
CÔNG TY TNHH MỘT THÀNH VIÊN TƯ VẤN THIẾT KẾ XÂY DỰNG VÀ THƯƠNG MẠI ĐĂNG ANH,0931768710
CÔNG TY TNHH TMDV HƯNG THẠNH,0395568399
CÔNG TY TNHH THƯƠNG MẠI DỊCH VỤ NÔNG SẢN NAM KHANG,0908584456
CÔNG TY TNHH MỘT THÀNH VIÊN LỢI Ý,0908299309
CÔNG TY TNHH VẬT LIỆU XÂY DỰNG VÀ THI CÔNG CẦU ĐƯỜNG 89,0913725279
CÔNG TY TNHH SÔNG TIỀN HỒNG NGỰ,0944597879
CÔNG TY TNHH XĂNG DẦU MỸ PHƯƠNG 2,0939227119
CÔNG TY TNHH DỊCH VỤ BỐC XẾP SEN HỒNG,097176156
CÔNG TY TNHH XÂY DỰNG NHÂN HỒNG TÂM,0918290294
CÔNG TY TNHH PHƯỚC TÂM TH,0839574039
DNTN MUA BÁN VÀNG CÔNG BÌNH NHÂN,0947407995
CÔNG TY TNHH TM CHẾ BIẾN VÀ NUÔI TRỒNG THỦY HẢI SẢN TÂN NHẬT LONG,0907820039
CÔNG TY TNHH MTV PHÚC KHANG ĐT,0926264686
CÔNG TY TNHH XD NGHĨA QUANG KHẢI,0908043666
CÔNG TY TNHH XUẤT NHẬP KHẨU OCEAN SUNRISE,0394554722
CÔNG TY TNHH XÂY DỰNG HUY TRƯỜNG PHÁT,0919202018
CÔNG TY TNHH TNT WINS,0328284697
CÔNG TY TNHH TM-DV VẠN LỘC ĐỒNG THÁP,0907682333
"CÔNG TY TNHH SẢN XUẤT, XUẤT KHẨU VÀ THƯƠNG MẠI THỰC PHẨM VIỆT NAM",0963123476
CÔNG TY TNHH SỬA CHỮA Ô TÔ 298,0819900331
CÔNG TY TNHH MTV HƯƠNG ĐỒNG NỘI,0336691499
CÔNG TY TNHH NGUYỄN THANH TÂM,09351704700939300
CÔNG TY TNHH XÂY DỰNG KHẢI VINH ĐỒNG THÁP,0772777373
CÔNG TY CỔ PHẦN THƯƠNG MẠI - DỊCH VỤ - XUẤT NHẬP KHẨU VÀ DU LỊCH NAM - KIÊN,0985014033
CÔNG TY TNHH DV TM THU HÀ ĐỒNG THÁP,0704879199
CÔNG TY TNHH MTV KIM ANH ĐỒNG THÁP,0909690436
CÔNG TY CỔ PHẦN THƯƠNG MẠI VÀ LOGISTICS MINH ĐỨC,0888930666
CÔNG TY TNHH VLXD - SLMB TIẾN PHÁT,091971799
CÔNG TY TNHH THƯƠNG MẠI XÂY DỰNG KIM KIM NGÂN,0333013725
CÔNG TY TNHH MTV AN LỘC KỲ,0933999117
CÔNG TY TNHH VẬT LIỆU XÂY DỰNG ANH KIỆT,0793343343
CÔNG TY TNHH TƯ VẤN THIẾT KẾ GIÁM SÁT THI CÔNG XÂY DỰNG 66,0907436719
CÔNG TY CỔ PHẦN ĐẦU TƯ VÀ PHÁT TRIỂN HẠ TẦNG CỬU LONG CAPITAL,0868952045
CÔNG TY TNHH THAM VẤN - THƯƠNG MẠI - DỊCH VỤ - GIÁO DỤC AKEY MUSIC,0858161799
CÔNG TY TNHH KINH DOANH VẬT LIỆU XÂY DỰNG VÀ NÔNG SẢN THIÊN NGỌC,0706756480
CÔNG TY TNHH ĐK RICE,0977778468
CÔNG TY TNHH MTV VẬN TẢI THANH TIẾN,0913602907
CÔNG TY CỔ PHẦN TM & KT KHOÁNG SẢN MÊ KÔNG,0907332645
CÔNG TY TNHH PHÁT TRIỂN PHẦN MỀM VÀ ỨNG DỤNG GREENAPPS,0903150499
CÔNG TY TNHH TM DV LDH PAPERS,0336198362
CÔNG TY TNHH TM XD TỔNG HỢP TIẾN ĐẠT,0967927486
CÔNG TY TNHH CÔNG NGHỆ SỐ THÀNH CÔNG,0345712374
CÔNG TY TNHH TM XD TRƯỜNG THÀNH,0879286486
CÔNG TY TNHH PHƯƠNG GIANG THANH BÌNH,0979536539
CÔNG TY TNHH GIÁO DỤC VÀ ĐÀO TẠO SAO MAI,0798767789
CÔNG TY TNHH DIỆP TOÀN TÂM,0948779299
CÔNG TY TNHH TRUNG HÒA ĐỒNG THÁP,0908529775
CÔNG TY TNHH THƯƠNG MẠI DỊCH VỤ THE GENTLEMAN,0971825528
CÔNG TY TNHH THƯƠNG MẠI DỊCH VỤ THƠ THƯ,0939996611
CÔNG TY TNHH DV KẾ TOÁN VÀ ĐẠI LÝ THUẾ DTACC,0369272751
CÔNG TY TNHH BẢO VỆ THỰC VẬT AN NHIÊN,0917250478
CÔNG TY TNHH AGRINEED VIỆT NAM,0797466919
CÔNG TY TNHH QUẢNG CÁO & THƯƠNG MẠI HD EVENT,0939638138
CÔNG TY TNHH BILL GARAGE,0834567702
CÔNG TY CỔ PHẦN TẬP ĐOÀN ĐẦU TƯ VÀ XÂY DỰNG TRƯỜNG PHONG THỊNH PHÁT,0918456729
CÔNG TY TNHH TƯ VẤN XÂY DỰNG LÂM PHÁT 2,0909938311
CÔNG TY TNHH SẢN XUẤT THƯƠNG MẠI CUA VÀNG MK,0949755669
CÔNG TY TNHH LÂM THẢO NGUYÊN HỒNG NGỰ,0979339960
CÔNG TY TNHH KIM TÀI THỊNH,0704988824
"CÔNG TY TNHH MỘT THÀNH VIÊN THƯƠNG MẠI, DỊCH VỤ, QUẢNG CÁO THANH BÌNH",0905595695
CÔNG TY TNHH SẢN XUẤT VÀ DỊCH VỤ QUẢNG CÁO SẮC VIỆT ĐỒNG THÁP,0344013181
CÔNG TY TNHH MỘT THÀNH VIÊN LỘC HOÀNG KIỆT,0913192042
CÔNG TY TNHH XÂY DỰNG KIM PHỤNG HỒNG NGỰ,0986147577
CÔNG TY TNHH THƯƠNG MẠI VÀ DỊCH VỤ LIÊN KẾT TOÀN CẦU ÁNH HÀ,09673700410916
CÔNG TY TNHH MTV LÊ THỊ GIÀU,0902775697
CÔNG TY TNHH MTV PHƯƠNG ANH FOOD,0973309470
CÔNG TY TNHH NÔNG NGHIỆP VÀ VẬN TẢI BẮC NAM HẢI YẾN,0913723239091627000
CÔNG TY TNHH MTV THƯƠNG MẠI DỊCH VỤ ĐẠI PHÁT MỸ XƯƠNG,0939686171
CÔNG TY TNHH DEMRO VINA,0346424640
CÔNG TY TNHH THƯƠNG MẠI DỊCH VỤ NÔNG NGHIỆP AGRI NEW NT,0706960039
CÔNG TY TNHH USA FAM,0975971706
CÔNG TY TNHH MTV TRỌNG PHÚ SA ĐÉC,0907910969
CÔNG TY TNHH XUẤT NHẬP KHẨU TRUNG TÍNH,0914506661
CÔNG TY TNHH SẢN XUẤT THƯƠNG MẠI XUẤT NHẬP KHẨU VINA LOTUS,0985430919
CÔNG TY TNHH MTV NÔNG SẢN THỰC PHẨM TOÀN CẦU,0327914455
CÔNG TY TNHH MỘT THÀNH VIÊN THƯƠNG MẠI DỊCH VỤ CMC ĐỒNG THÁP,091819326098
CÔNG TY TNHH MTV PHÂN PHỐI MINH VY,0906756786
CÔNG TY TNHH SẢN XUẤT THƯƠNG MẠI DỊCH VỤ DUYÊN HẢI ĐỒNG THÁP,0906634863
CÔNG TY TNHH THƯƠNG MẠI DỊCH VỤ XÂY DỰNG LƯƠNG PHÁT,0931470956
CÔNG TY TNHH MTV THƯƠNG MẠI SẢN XUẤT HÙNG PHÁT ĐT,0398178681
CÔNG TY TNHH MTV LONG THUẬN PHÁT THÁP MƯỜI,0912883122
CÔNG TY TNHH THƯƠNG MẠI XUẤT NHẬP KHẨU PHƯƠNG LY,0348396078
CÔNG TY TNHH SẢN XUẤT THƯƠNG MẠI DỊCH VỤ ĐIỆN TRƯỜNG PHÁT,0961882883
CÔNG TY TNHH XĂNG DẦU DUY ANH,0763284884
CÔNG TY TNHH THƯƠNG MẠI DỊCH VỤ PHÁT TRIỂN VĂN CÔNG,0787056853
CÔNG TY TNHH KIM BÍCH PHONG VN,0917184715
CÔNG TY TNHH TƯ VẤN KHẢO SÁT XÂY DỰNG ĐẠT ĐƯỢC NHƯ Ý,0834526789
CÔNG TY TNHH TƯ VẤN ĐẦU TƯ GIÁO DỤC VÀ ĐÀO TẠO LIÊN TÂM,0907107033
CÔNG TY TNHH CAO TÙNG THT,0354999089
CÔNG TY TNHH TM-DV GIA HÂN HỒNG NGỰ,0939604088
CÔNG TY TNHH PAK HOUSE,0918313861
CÔNG TY TNHH MINH TRƯỜNG HẢI,0928066566
CÔNG TY TNHH ĐẦU TƯ THƯƠNG MẠI XÂY DỰNG SONG VIỆT,0964204449
CÔNG TY TNHH THƯƠNG MẠI DỊCH VỤ TƯ VẤN SDA,0984044674
CÔNG TY TNHH XNK BLUE SEA VIỆT NAM,0917829341
CÔNG TY TNHH NHÔM KÍNH KHANG PHƯƠNG,0936490902
CÔNG TY TNHH THIẾT BỊ CÔNG NGHIỆP KHÁNH AN,0382816747
CÔNG TY TNHH THƯƠNG MẠI DỊCH VỤ THUẬN LỢI ĐỒNG THÁP,0865999299
CÔNG TY TNHH NGỌC LÊ ĐỒNG THÁP,0903633302
CÔNG TY TNHH MTV TÔN THÉP TUẤN HUY,0914884727
CÔNG TY TNHH SẢN XUẤT THƯƠNG MẠI XUẤT NHẬP KHẨU BÁCH HƯNG,0934250292
CÔNG TY TNHH SẢN XUẤT NÔNG SẢN VÀ DU LỊCH VƯỜN NHO 3 TUẤN,0939960228
CÔNG TY TNHH AGRI CHÂU THÀNH,0916389090
CÔNG TY TNHH THƯƠNG MẠI DỊCH VỤ DETOX COFFEE,0907529296
CÔNG TY TNHH THƯƠNG MẠI - DỊCH VỤ - CẢNH QUAN HỮU TÍN,0938454300
CÔNG TY TNHH THIỆN PHÚC ME KONG,0939777603
CÔNG TY TNHH ĐẦU TƯ THƯƠNG MẠI VÀ DU LỊCH KHÁNH PHƯƠNG,0933544745
CÔNG TY TNHH CÔNG NGHỆ NANO HOÀNG ÂN PHÁT,0913171859
CÔNG TY TNHH MTV LOAN SÁU DÀI,0917837602
CÔNG TY TNHH MTV THƯƠNG MẠI DỊCH VỤ NHƯ Ý CT,077333383509190
CÔNG TY TNHH MỘT THÀNH VIÊN THƯƠNG MẠI DỊCH VỤ MINH TRIẾT ĐỒNG THÁP,0913854243
CÔNG TY TNHH THƯƠNG MẠI ĐỨC THỊNH,0932820566
CÔNG TY TNHH SIM SỐ TUẤN HẰNG,0939235373
CÔNG TY TNHH MTV D.A.P KHỞI PHÁT,0966911141
CÔNG TY TNHH SIM SỐ NGỌC PHÚ,0989715725
CÔNG TY TNHH MTV SAN LẮP MẶT BẰNG PHONG PHÚ,0913846044
CÔNG TY TNHH ĐẦU TƯ SIM SỐ SĨ BÌNH,0918626233
CÔNG TY TNHH ĐÓNG MỚI SỬA CHỮA HOÀN CẢI GHE VỎ TÀU TRUYỀN THỐNG,0787986262
CÔNG TY TNHH SIM SỐ THÁI NAM,0945877789
CÔNG TY TNHH THƯƠNG MẠI TRẦN DŨNG TMT,0943129596
CÔNG TY TNHH XUẤT NHẬP KHẨU ĐẶNG CHÍNH,0907316188
CÔNG TY TNHH TM DV XNK PHƯƠNG PHƯƠNG THẢO,0845030793
CÔNG TY TNHH MÁY TÍNH ĐỒNG THÁP,0961404204
CÔNG TY TNHH THƯƠNG MẠI - XÂY DỰNG - DỊCH VỤ XUẤT NHẬP KHẨU TÂN PHÚC CHIẾN,0987818043
CÔNG TY TNHH MTV KIM HÀ NAM,0945414199
CÔNG TY TNHH SXTM THIÊN MINH,0387513689
CÔNG TY TNHH DỊCH VỤ NGUYỄN MINH FINANCE,0378706029
CÔNG TY TNHH MAY MẶC TUẤN KHANG PHÁT,0984447894
CÔNG TY TNHH THƯƠNG MẠI DỊCH VỤ NGUYÊN PHÁT THANH BÌNH,0981752633
CÔNG TY TNHH MTV DÌ MƯỜI FOOD,0901078575
CÔNG TY TNHH CANH TÂN ĐỒNG THÁP,0918686456
CÔNG TY TNHH MTV HOÀNG TIẾN ĐẠT,0364505599
CÔNG TY TNHH SẢN XUẤT THƯƠNG MẠI QUỐC TẾ TOKYO MỸ,0399828238
CÔNG TY TNHH XUẤT NHẬP KHẨU CƯỜNG PHẤT PHÁT,0939619161
CÔNG TY TNHH SIM SỐ VÂN TRƯỜNG,0914806106
DNTN TRẦN GIA 368,0815708090
CÔNG TY TNHH XĂNG DẦU THUẬN THIÊN ĐỒNG THÁP,0919580319
CÔNG TY TNHH THƯƠNG MẠI XÂY DỰNG VÀ SAN LẮP MẶT BẰNG ĐẠI THẮNG,0369505678
CÔNG TY TNHH TRUYỀN THÔNG MIMISA,0942252585
CÔNG TY TNHH GIẢI PHÁP CÔNG NGHỆ ỨNG DỤNG,0834495979
DNTN TÝ TRẦN THANH BÌNH,0328371372
CÔNG TY TNHH KINH DOANH THƯƠNG MẠI PHÚ TẤN PHÁT,0787613440
CÔNG TY TNHH MTV TMDV NHỰT TÂN,0939335173
CÔNG TY TNHH HOÀNG NGHI BIOMASS,0988997372
CÔNG TY TNHH XĂNG DẦU VIỆT NAM OIL,0961390362
DNTN TIỆM VÀNG CÔNG MINH QUANG,0907595343
CÔNG TY CỔ PHẦN DU LỊCH VÀ THƯƠNG MẠI SÔNG TIỀN,0949722747
CÔNG TY TNHH DV XD KIM CHI,0989449772
CÔNG TY TNHH NGỌC GIÀU THÁP MƯỜI,0947545659
CÔNG TY TNHH MTV TM DV TRƯỜNG ÁNH,0908797919
CÔNG TY TNHH XÂY DỰNG THANH LÂM ĐỒNG THÁP,0985088704
CÔNG TY TNHH SẢN XUẤT THƯƠNG MẠI VIỆT MỸ THANH BÌNH,0919119375
CÔNG TY TNHH ĐẦU TƯ B.O.B,0949199089
CÔNG TY TNHH LỢI HỒNG PHÁT ĐỒNG THÁP,0901049456
CÔNG TY TNHH CƠ KHÍ CAO GIA,0867673733
CÔNG TY TNHH LƯƠNG THỰC QUỐC TRỌNG,0966944946
CÔNG TY TNHH MTV BẢO VỆ NGỌC TIẾN,0907050150
CÔNG TY TNHH MINH PHA,0909581085
CÔNG TY TNHH TƯ VẤN THIẾT KẾ XÂY DỰNG HẢI NHƯ,0906783389
CÔNG TY TNHH THIẾT KẾ XÂY DỰNG AN THUẬN ĐỒNG THÁP,0909565630
CÔNG TY TNHH TƯ VẤN THIẾT KẾ XÂY DỰNG KIM NGÂN PHÁT,0787845456
CÔNG TY TNHH VLXD SAN LẤP MẶT BẰNG PHÚ LỢI,0947390490
CÔNG TY TNHH SẢN XUẤT THƯƠNG MẠI DỊCH VỤ ĐÈN LED CHIẾU SÁNG,0901990711
CÔNG TY TNHH TRUNG TUẤN ĐỒNG THÁP,0786965353
CÔNG TY TNHH VẬN CHUYỂN TÂN TÀI PHÁT,0913954459
CÔNG TY TNHH BỆNH VIỆN MEDIC TÂM AN THÁP MƯỜI,0888779499
CÔNG TY TNHH TOÀN TÀI LỘC PHÁT,0333525312
CÔNG TY TNHH THUỶ TẬP,0908881575
CÔNG TY TNHH MTV ĐÔNG NAM TAM NÔNG,0932844227
CÔNG TY TNHH DNSI,0917202040
CÔNG TY CỔ PHẦN ĐẦU TƯ XÂY DỰNG VÀ THƯƠNG MẠI THÀNH TRUNG GROUP,0939633298
CÔNG TY TNHH NGỌC CHUYỀN,0374046156
CÔNG TY TNHH CẢNH QUAN HẠ TẦNG HỒNG NGỰ,0943870734
CÔNG TY TNHH HOÀNG MINH XUÂN,0969929335
CÔNG TY TNHH THUẬN TÍN PHÁT ĐT,0353709719
CÔNG TY TNHH KHÔI NGUYỄN TK,0826945350
CÔNG TY TNHH MTV AESKIN VIETNAM,0392363505
CÔNG TY TNHH ĐẦU TƯ VÀ PHÁT TRIỂN DU LỊCH PHÚC HUY,0849639030
CÔNG TY TNHH TM DV VT HÙNG TRẦN,0703289963
CÔNG TY TNHH ĐẦU TƯ - THƯƠNG MẠI - DỊCH VỤ BÁ PHÚC,0917357907
CÔNG TY TNHH CẤP NƯỚC DIỆU QUYÊN,0399873017
CÔNG TY TNHH CƠ KHÍ THANH TRANG,0907832638
CÔNG TY TNHH HẬU CHIẾN TIẾN,0909859460
CÔNG TY TNHH VẬT LIỆU XÂY DỰNG TRUNG TÍN ĐỒNG THÁP,0917222244
CÔNG TY TNHH XD DV MUA BÁN NÔNG SẢN LƯƠNG THỰC LỘC THIÊN,07749141
CÔNG TY TNHH NÔNG NGHIỆP CÔNG NGHỆ HOÀNG THẮNG,0919113004
CÔNG TY TNHH MTV TM-DV TRUNG NAM,0948007009
CÔNG TY TNHH MTV TUẤN PHÁT TAM NÔNG,0337543883
CÔNG TY TNHH MTV HẠNH TRUNG ĐỒNG THÁP,0919202565
CÔNG TY TNHH ĐẶC SẢN ĐẤT SEN HỒNG,0918057872
CÔNG TY TNHH NĂNG LƯỢNG ĐIỆN MẶT TRỜI SOLAR MINH THIỆN ĐỒNG THÁP,0988844885
CÔNG TY TNHH MTV HỬU LỘC,0916551922
CÔNG TY TNHH PHÚ LỢI GROUP,0816726677
CÔNG TY TNHH THƯƠNG MẠI XÂY DỰNG VÀ SAN LẮP MẶT BẰNG ĐẠI LỘC,0965397952
CÔNG TY TNHH TÂN MINH ĐỒNG THÁP,0982949438
CÔNG TY TNHH XNK SRILANKA,0939462323
CÔNG TY TNHH SUNNY RICE,0842997975
CÔNG TY TNHH VẬT TƯ PHƯỚC HỮU THỌ,0939434515
CÔNG TY TNHH GARAGE AUTO QUỐC SỈ,0944767616
CÔNG TY CỔ PHẦN DU LỊCH SÔNG TIỀN,0918920493
CÔNG TY TNHH TƯ VẤN XÂY DỰNG TIẾN PHÁT ĐỒNG THÁP,0939611013
CÔNG TY TNHH SẢN XUẤT CP DƯỢC MỸ PHẨM HUNATHIPHARMA,0962377757
CÔNG TY TNHH MTV CƠ KHÍ THỦY LỰC THÀNH TỰU,0906735345
CÔNG TY TNHH XÂY DỰNG NHÀ ĐẸP ĐỒNG THÁP,0906812312
CÔNG TY TNHH MỘT THÀNH VIÊN YOGA CẦU VÒNG,0961169399
CÔNG TY TNHH GIÁO DỤC THIÊN TRÍ,090286107709497900
CÔNG TY TNHH TĂNG PHÚC THỊNH,0919485828
CÔNG TY TNHH MỘT THÀNH VIÊN THƯƠNG MẠI DỊCH VỤ - XUẤT NHẬP KHẨU THÁI TRÂN,0915650909
CÔNG TY TNHH VẬN TẢI PHÚC HÀO,0939507277
CÔNG TY TNHH SAN LẮP ĐẠI LINH,0888751099
CÔNG TY TNHH XÂY DỰNG PHƯỚC TRUNG ĐỒNG THÁP,0913137697
CÔNG TY TNHH THƯƠNG MẠI & KỸ THUẬT NẤM GREENLIFE,0977997878
CÔNG TY TNHH MAY SONG HỢP,0978137873
CÔNG TY TNHH THƯƠNG MẠI DỊCH VỤ PHÁT TRIỂN HUY PHÁT,0938085338
CÔNG TY TNHH SẢN XUẤT THƯƠNG MẠI DV SEN VÀNG 2,0886667677
CÔNG TY TNHH GARDEN DRAGON BẢO TIẾN ĐẠT,0914895288
CÔNG TY TNHH MTV BẤT ĐỘNG SẢN THIÊN DƯƠNG,0915819090
CÔNG TY TNHH TƯ VẤN ĐẦU TƯ XÂY DỰNG EMI,0945659879
CÔNG TY TNHH THƯƠNG MẠI DỊCH VỤ & QUẢNG CÁO ĐỨC TRÍ,0911061661
CÔNG TY TNHH CÔNG TRÌNH THIẾT BỊ BÌNH AN,0936913288
CÔNG TY TNHH MTV DỊCH VỤ VÀ GIÁO DỤC TRIỆU PHÚ,0939125060
CÔNG TY TNHH HUỲNH HƯƠNG ĐỒNG THÁP,0918695634
CÔNG TY TNHH XĂNG DẦU PHƯƠNG THẢO TÂN PHÚ,0939958849
CÔNG TY TNHH DỊCH VỤ THƯƠNG MẠI THỂ THAO THIỆN TÂM,0917939934
CÔNG TY TNHH NẤM HUỲNH GIA,0364562656
CÔNG TY TNHH S.USER VN,0901003077
CÔNG TY TNHH MỘT THÀNH VIÊN THUẤN KOBE,0939507561
CÔNG TY TNHH NÔNG NGHIỆP LÚA XANH VIỆT,0777890468
CÔNG TY TNHH MỘT THÀNH VIÊN SẢN XUẤT THƯƠNG MẠI VÀ XÂY DỰNG THANH DUY,0918360129
CÔNG TY TNHH VNT ĐỒNG TÂM,0888882802
CÔNG TY TNHH NÔNG NGHIỆP XUÂN CƯỜNG,09130606040385530
CÔNG TY TNHH SẢN XUẤT THƯƠNG MẠI THỰC PHẨM NHÂN TÂM,0914443524
CÔNG TY TNHH THƯƠNG MẠI DỊCH VỤ LÝ THÀNH ĐẠT,0949590690
CÔNG TY CỔ PHẦN CÁM GẠO CỬU LONG,0988615729
CÔNG TY TNHH THIỆN NHÂN ĐỒNG THÁP,0903931519
CÔNG TY TNHH THƯƠNG MẠI ĐẦU TƯ PHÁT TRIỂN T&H,0793940942
CÔNG TY TNHH MTV DƯƠNG GIA HÂN,0934124128
CÔNG TY CỔ PHẦN PHƯỚC LẬP THÀNH ĐỒNG THÁP,0918107132
CÔNG TY TNHH VIỄN THÔNG VY NGUYỄN,0932866655
CÔNG TY TNHH THƯƠNG MẠI DỊCH VỤ VẬN TẢI ĐẶNG OANH,0904556655
CÔNG TY TNHH XÂY DỰNG MAI HƯƠNG PHÁT,096150432909695700
CÔNG TY TNHH MTV DV THIẾT KẾ XÂY DỰNG NGUYỄN ÚT,0904310163
CÔNG TY TNHH CÂY XANH HUỲNH NGUYỄN,0939614636
CÔNG TY TNHH CƠ KHÍ NGỌC QUÝ,09393180832
CÔNG TY TNHH VŨ KHÁP,0968909905
CÔNG TY TNHH PHÁT TRIỂN VÕ THUẬT CỔ TRUYỀN VIỆT NAM TL TUYỆT HUỲNH ĐẠO,0931340679
CÔNG TY TNHH THƯƠNG MẠI DỊCH VỤ XUẤT NHẬP KHẨU VĨNH PHONG,037691911
CÔNG TY TNHH GIÁO DỤC KHOA HỌC CÔNG NGHỆ ICHI SKILL ĐỒNG THÁP,0916999339
CÔNG TY TNHH DỊCH VỤ CAO SA,0769166166
DNTN ĐÓNG GHE TÀU SÁU PHONG,0937385643
CÔNG TY TNHH XÂY DỰNG VÀ KINH DOANH VLXD BÁCH TÙNG,0907444304
CÔNG TY TNHH CẢNH QUAN VÀ CÂY CÔNG TRÌNH CHI MẠNH,0799645800
CÔNG TY TNHH PHÁT TRIỂN GIÁO DỤC ABLE,0916888977
CÔNG TY TNHH TM DV XD 908 THANH TÂM ĐT,0907437481
CÔNG TY TNHH THƯƠNG MẠI DỊCH VỤ VÀ SẢN XUẤT LƯƠNG THỰC THỰC PHẨM DOTHACO,0909135944
CÔNG TY TNHH TƯ VẤN XÂY DỰNG CBB,0918009582
CÔNG TY TNHH CẨM SUM,0943124128
CÔNG TY CỔ PHẦN NÔNG NGHIỆP XANH CHƠN CHÍNH,097778971717
CÔNG TY CỔ PHẦN ĐẦU TƯ XÂY DỰNG THƯƠNG MẠI DỊCH VỤ THANH BÌNH,0917440580
CÔNG TY TNHH TÂM ĐẶNG HÒA,0819308086
CÔNG TY TNHH THƯƠNG MẠI DỊCH VỤ KỸ THUẬT NĂNG LƯỢNG XANH,0908768068
"CÔNG TY CỔ PHẦN THƯƠNG MẠI, DỊCH VỤ XUẤT NHẬP KHẨU LOGISTICS",0944679336
CÔNG TY CỔ PHẦN THƯƠNG MẠI DỊCH VỤ MEDNET,0867817497
CÔNG TY TNHH NỘI THẤT GỖ BIỂN,0354599982
CÔNG TY TNHH ĐÔNG THÀNH LẤP VÒ ĐỒNG THÁP,0848555912
CÔNG TY TNHH THƯƠNG MẠI NÔNG SẢN THỰC PHẨM SEN QUÊ,09372227127
CÔNG TY TNHH NHỰT VŨ ĐỒNG THÁP,0939952173
CÔNG TY TNHH MỘT THÀNH VIÊN NGỌC THANH ĐỒNG THÁP,0567891089
CÔNG TY TNHH DỊCH VỤ XÂY DỰNG THƯƠNG MẠI PHƯỚC LỢI,0569337777
CÔNG TY TNHH THƯƠNG MẠI XÂY DỰNG HƯƠNG LÊ,0915379558
CÔNG TY TNHH TƯ VẤN XÂY DỰNG 727,0843343436
CÔNG TY TNHH TUẤN HẢI ĐỒNG THÁP,0813891369
CÔNG TY TNHH NGÔ TRỊ,0378429539
CÔNG TY TNHH TƯ VẤN THIẾT KẾ XÂY DỰNG QUANG HƯNG,0947047380
CÔNG TY TNHH GẠO THUẦN NGUYÊN,0934930956
CÔNG TY TNHH SAN LẮP ĐẠI TIẾN PHÁT,0911433428
CÔNG TY TNHH THƯƠNG MẠI XUẤT NHẬP KHẨU XUÂN TRƯỜNG VĨNH XƯƠNG,0789308309
CÔNG TY TNHH XÂY DỰNG MINH THÀNH HỒNG NGỰ,0939462492
CÔNG TY TNHH GIA BẢO ĐỒNG THÁP,0766913738
CÔNG TY TNHH THIẾT KẾ XÂY DỰNG GIA AN THỊNH ĐỒNG THÁP,0947878877
CÔNG TY CỔ PHẦN Y KHOA SÀI GÒN - MỸ AN,0904646406
CÔNG TY TNHH THƯƠNG MẠI DỊCH VỤ TRƯỜNG KHANG SA ĐÉC,0939693187
CÔNG TY TNHH THƯƠNG MẠI DỊCH VỤ CÔNG KHANH,0906464366
CÔNG TY CỔ PHẦN KHU CÔNG NGHIỆP ĐỊNH AN,0917869679
CÔNG TY TNHH MTV THƯƠNG MẠI - XÂY DỰNG - SẢN XUẤT MINH PHÚC,0939571478
CÔNG TY TNHH MTV HỒ SƯƠNG,0919914983
CÔNG TY TNHH MTV TM DV BẢO TÍN ĐỒNG THÁP,0938794797
CÔNG TY TNHH THIẾT BỊ VÀ CÔNG NGHỆ MAI VÀNG,0879381122
CÔNG TY TNHH THƯƠNG MẠI DỊCH VỤ NGHĨA HẰNG,0917958181
CÔNG TY TNHH TƯ VẤN GIÁO DỤC HOA SEN ĐỒNG THÁP,0876303132
CÔNG TY TNHH XDGT GIA THIỆN,0899676336
CÔNG TY TNHH PHÁT THÁI TÚ,0932967966
CÔNG TY TNHH MTV GỖ NGUYỄN TIẾN,0901090277
CÔNG TY TNHH PHÚC THỊNH ĐỒNG THÁP,0932829262
CÔNG TY CỔ PHẦN FOOD MEKONG,0949484848
CÔNG TY TNHH THƯƠNG MẠI SẢN XUẤT TRÍ TÍN,0918833338
CÔNG TY TNHH PDN LÊ DUY,090371123
CÔNG TY TNHH CƯỜNG HÙNG TIẾN GROUP,0912135832
CÔNG TY TNHH MTV THUỶ SẢN NHÂN MINH NGÂN,0766293939
CÔNG TY TNHH MTV HẠNH PHÁT,0919846267
CÔNG TY TNHH XNK ADI GLOBAL,0333349679
CÔNG TY TNHH Y TẾ TÂN TRIỀU,0939506159
CÔNG TY CỔ PHẦN ĐẦU TƯ XÂY DỰNG MEKONG AN PHÁT,0919021181
CÔNG TY CỔ PHẦN DPLUBE ĐỒNG THÁP,0931290629
CÔNG TY TNHH PHÒNG KHÁM ĐA KHOA SÀI GÒN TÂN THÀNH,0941633315
CÔNG TY TNHH THƯƠNG MẠI VÀ DỊCH VỤ PHÁT TRIỂN DUY TÂN,0989016063
CÔNG TY TNHH THƯƠNG MẠI SẢN XUẤT THANH TUYỀN,0918835552
CÔNG TY TNHH SEN V-SENSES,0985583540
CÔNG TY TNHH TM & DV BẢO HUỲNH,0767681979
CÔNG TY TNHH SẢN XUẤT THƯƠNG MẠI DỊCH VỤ XUẤT NHẬP KHẨU LỘC PHÁT TÀI,0919667273
CÔNG TY TNHH VẬT LIỆU XÂY DỰNG BẢO KIM,0932669250
CÔNG TY TNHH THƯƠNG MẠI DỊCH VỤ - XUẤT NHẬP KHẨU TÌNH QUÊ,0903716171
CÔNG TY TNHH MỘT THÀNH VIÊN XÂY DỰNG VẬN CHUYỂN TỔNG HỢP CƠ GIỚI XUÂN TRƯỜNG ĐỒNG THÁP,0918999779
CÔNG TY TNHH DANH LỢI THÁP MƯỜI,0918054696
CÔNG TY TNHH CƠ KHÍ LUẬT PHÁT,0931807707
CÔNG TY TNHH CÔNG NGHỆ DỊCH VỤ PTP,0704971122
CÔNG TY TNHH ĐIỆN LẠNH - ĐIỆN TỬ - ĐIỆN THOẠI VY VÂN,0786090656
CÔNG TY TNHH DỊCH VỤ NÔNG NGHIỆP HƯNG NÔNG,0931076161
CÔNG TY TNHH M LEGEND,0916348749
CÔNG TY TNHH THƯƠNG MẠI DỊCH VỤ XNK PHÚ QUÝ,0917730037
CÔNG TY TNHH BẤT ĐỘNG SẢN VINH QUANG,09185450590907360
CÔNG TY TNHH TM-DV QUẢNG CÁO MINH HIẾU,09339566140908120
CÔNG TY TNHH CÁNH ĐỒNG MẶT TRỜI,0975696767
CÔNG TY TNHH DỊCH VỤ DU LỊCH KIẾN TƯỜNG,0367761738
CÔNG TY TNHH BỘT GẠO NÔNG SẢN ĐỨC NHÂN TÂM,0907080738
CÔNG TY TNHH THƯƠNG MẠI DỊCH VỤ & XUẤT NHẬP KHẨU MINH NHỰT,0794903717
CÔNG TY CỔ PHẦN CỎ MAY FARM,0903214317
CÔNG TY TNHH MAI LÊ NGUYỄN,0909512998
CÔNG TY TNHH ĐẶC SẢN KHÔ BẢO QUYÊN,0917914660
CÔNG TY TNHH THƯƠNG MẠI XÂY DỰNG TÔ MINH,0911725268
CÔNG TY TNHH GIẢI PHÁP CÔNG NGHỆ XÂY DỰNG TSCONS,0989217790
CÔNG TY TNHH CƠ KHÍ - VẬT LIỆU XÂY DỰNG AN LỘC PHÁT,0969087788
CÔNG TY TNHH NGỌC ANH HỒNG NGỰ,0942847732
CÔNG TY TNHH BAO BÌ GIẤY HỒNG PHÚC,0907970978
CÔNG TY TNHH GIẢI PHÁP CÔNG NGHỆ SỐ CƯỜNG THỊNH,097542241
CÔNG TY TNHH NÔNG SẢN ĐỨC NHÂN TÂM,0907080738
CÔNG TY TNHH THÁI NHANH,070496451
CÔNG TY TNHH THIÊN NGỌC XNK,0375134503
CÔNG TY TNHH THƯƠNG MẠI CÔNG NGHỆ NÔNG NGHIỆP ĐỒNG TIẾN,0916761762
CÔNG TY TNHH NGHIÊN CỨU VÀ PHÁT TRIỂN DƯỢC PHẨM MIỀN TÂY,0396881938
CÔNG TY TNHH MTV THƯƠNG MẠI DỊCH VỤ XÂY DỰNG KHẢI PHÁT,0937454895
CÔNG TY TNHH MỘT THÀNH VIÊN LÊ BÔNG,0916881825
CÔNG TY TNHH M LENGED,0916348749
CÔNG TY TNHH THƯƠNG MẠI DỊCH VỤ VĂN TRÍ HOÀNG,0374046156
CÔNG TY TNHH XÂY DỰNG ALPHA DECOR,0985048436
CÔNG TY TNHH FTK FOOD ĐỒNG THÁP,0939818688
CÔNG TY TNHH NÔNG SẢN THỰC PHẨM AN PHÚ GIA KHANG,0918863565
CÔNG TY TNHH TMDV NGỌC KHÁNH VY,0814484858
CÔNG TY TNHH GIÁO DỤC TUYỀN MY,0339739418
CÔNG TY TNHH ĐẦU TƯ VÀ PHÁT TRIỂN HOÀNG BẢO THẠCH,0934000200
CÔNG TY TNHH MTV THUẬN- PHÚC ĐỒNG THÁP,0367690900
CÔNG TY TNHH ĐẦU TƯ - XÂY DỰNG TRƯỜNG TRUNG,0833377783
CÔNG TY TNHH DỊCH VỤ QUẢNG CÁO THANH QUANG,0989310346
CÔNG TY TNHH NÔNG NGHIỆP HỒ TUẤN,0918048010
CÔNG TY TNHH THƯƠNG MẠI DỊCH VỤ LOGISTICS HOÀNG THỊNH,0963051019
CÔNG TY TNHH KINH DOANH VÀ THƯƠNG MẠI NGỌC PHƯƠNG,0944452225
CÔNG TY TNHH XÂY DỰNG VĂN THIỆN TAM NÔNG,0939539379
CÔNG TY TNHH BIA - NƯỚC NGỌT HẢI MAI,0917164908
CÔNG TY TNHH XNK TM DV AGRI FLY,0929799030
CÔNG TY TNHH MTV K.GREEN,0834458686
CÔNG TY TNHH MAY MẶC NHỰT NGUYÊN,0942313053
CÔNG TY TNHH TƯ VẤN THIẾT KẾ XÂY DỰNG TM DV ĐỨC PHÁT,0934828385
CÔNG TY TNHH SẢN XUẤT THƯƠNG MẠI VIÊN NÉN TRẤU ĐẠI LỘC,0903144483
CÔNG TY TNHH SIM THẺ TUẤN KIỆT,0981067067
CÔNG TY TNHH XNK THẢO NGUYÊN XANH,0907522979
CÔNG TY TNHH BIA BẢO NGỌC,0941633882
CÔNG TY TNHH GIANG TRẤU,0842949512
CÔNG TY TNHH DƯỢC MỸ PHẨM PHƯƠNG ĐÔNG,0979205557
CÔNG TY TNHH THƯƠNG MẠI DỊCH VỤ VƯƠNG TÚ,0938201075
CÔNG TY TNHH MTV HÀ GIANG TOÀN PHÁT,0327181999
CÔNG TY TNHH VN GIFT,0984543705
CÔNG TY TNHH HUHI RETAIL,0399699039
CÔNG TY TNHH VLXD TRỌNG NGHĨA LAI VUNG,0939181220
CÔNG TY TNHH TƯ VẤN XÂY DỰNG BÌNH MINH ĐỒNG THÁP,0907320818
CÔNG TY TNHH BASSAC RIVERSIDE,0918920493
CÔNG TY TNHH SẢN XUẤT THƯƠNG MẠI TIỀN THƠM,0943666131
CÔNG TY TNHH TƯ VẤN THIẾT KẾ - KIẾN TRÚC THIÊN PHÚC,0397099846
CÔNG TY TNHH MỘT THÀNH VIÊN VÕ CỔ TRUYỀN VIỆT NAM TẠ NGƯ LONG,0918708328
CÔNG TY TNHH TM DV VÕ KIM PHÁT,09185134580855220
CÔNG TY TNHH LABORATORY NGUYỄN MINH DENTAL CLINIC,0907894092
CÔNG TY TNHH THƯƠNG MẠI VÀ XÂY DỰNG VQT,0932834123
CÔNG TY TNHH DỊCH VỤ ĂN UỐNG HOA SƠN,0918501233
CÔNG TY CỔ PHẦN GMT HẢI AN,0976862025
CÔNG TY TNHH SẢN XUẤT - THƯƠNG MẠI HUMOPEC NHẬT BẢN,0907911908
CÔNG TY TNHH NHÂN THÁP MƯỜI,0967719930
CÔNG TY TNHH SẢN XUẤT THƯƠNG MẠI XUẤT NHẬP KHẨU XUÂN PHÁT,0963924399
DNTN NGUYỄN TẤN PHÚ,03497331310905250
CÔNG TY TNHH BÊ TÔNG XUÂN KHÔI,0917496584
CÔNG TY TNHH CƠ KHÍ VÀ LẮP ĐẶT MÁI CHE ĐẠI TÂN PHÁT,0827520079
CÔNG TY TNHH DỊCH VỤ DU LỊCH PHƯỚC TÍN,094977898
CÔNG TY TNHH DV TM XD KHANG VINH,0907487829
CÔNG TY TNHH SX TM DV HỮU QUANG ĐỒNG THÁP,0945832789
CÔNG TY CỔ PHẦN BÊ TÔNG HOÀNG TẤN PHÁT,0912820039
CÔNG TY TNHH NÔNG DƯỢC AGRIMAX,0586622710
CÔNG TY TNHH MTV XUẤT NHẬP KHẨU TRẦN ĐỨC DUY,0943336321
CÔNG TY TNHH NHA KHOA SÀI GÒN TÂM ĐỨC - ĐỒNG THÁP,0978830123
CÔNG TY TNHH THƯƠNG MẠI DỊCH VỤ TRƯỜNG TÂM ĐỒNG THÁP,0907786066
CÔNG TY TNHH TM DV LONG HÒA,0917081238
CÔNG TY TNHH SẢN XUẤT THƯƠNG MAI AN THƯỞNG PHÁT,0944472008
CÔNG TY TNHH ĐẦU TƯ DỊCH VỤ THƯƠNG MẠI THÀNH PHÁT,0589790238
DNTN VÀNG TUẤN PHÚC,0909815641
CÔNG TY TNHH SENON,0966611614
CÔNG TY TNHH MTV BÌNH AN TAM NÔNG,0939413165
CÔNG TY TNHH XÂY DỰNG BÌNH NGUYÊN THỦY,0834992451
CÔNG TY TNHH ANH THƯ CHÂU THÀNH,0836126362
CÔNG TY TNHH TƯ VẤN ĐẦU TƯ XÂY DỰNG TOÀN NAM,0976270960
CÔNG TY TNHH MTV VÕ HOÀNG DŨNG,0845666612
CÔNG TY TNHH TRẦN ĐÀM,0909546203
CÔNG TY TNHH SXTMDV VÀ DƯỢC PHẨM TÂM ĐỨC,0787883251
CÔNG TY CỔ PHẦN CÔNG NGHỆ PHÁT TRIỂN QUỐC TẾ TINA GOLD,0939486818
CÔNG TY TNHH ĐẦU TƯ PHÁT TRIỂN CỒN TÂN THUẬN ĐÔNG,0974793397
CÔNG TY TNHH THƯƠNG MẠI XÂY DỰNG THÀNH NHỰT,0919199797
CÔNG TY TNHH SXKD XNK PHÁT TRIỂN NÔNG NGHIỆP CÁNH ĐỒNG XANH,0902900017
CÔNG TY TNHH TƯ VẤN VÀ DỊCH VỤ VIỆC LÀM PHƯƠNG VI,0918366005
DNTN SIM SỐ NGÂN LỢI,0968290760
CÔNG TY TNHH TƯ VẤN NGHỀ NGHIỆP VÀ ĐÀO TẠO LÁI XE THỊNH VƯỢNG,0906920161
CÔNG TY TNHH ĐẦU TƯ XÂY DỰNG VẠN CÁT TƯỜNG,0877711878
CÔNG TY TNHH HỮU CƠ NÔNG NGHIỆP GREEN T&T,0378728282
CÔNG TY TNHH THE LEAF SAIGON,0917939193
CÔNG TY TNHH XUẤT NHẬP KHẨU PHAN THÂU,0939373779
VĂN PHÒNG LUẬT SƯ BÍCH PHƯỢNG VÀ CỘNG SỰ,0938325823
CÔNG TY TNHH SẢN XUẤT THƯƠNG MẠI PHI PHÁT,0966172729
CÔNG TY TNHH XUẤT- NHẬP KHẨU NÔNG SẢN NGỌC TRUNG HOA,0979586589
CÔNG TY TNHH XÂY DỰNG NHÀ ĐẸP NP GROUP,09892367670908920
CÔNG TY TNHH HÒA NHANH HỒNG NGỰ,0979029898
CÔNG TY TNHH MTV LONG HOÀNG DUY,0908870808
CÔNG TY TNHH MTV THƯƠNG MẠI DỊCH VỤ PHƯỢNG THẢO,0853948385
CÔNG TY CỔ PHẦN TƯ VẤN XÂY DỰNG ĐỒNG NGHĨA,0907617299
DNTN ƯNG LONG,0362170226
CÔNG TY TNHH MTV SAN LẮP MẶT BẰNG HOÀNG PHÚ,0913846044
CÔNG TY TNHH THƯƠNG MẠI DỊCH VỤ XÂY DỰNG VÀ PHÁT TRIỂN THIÊN LỘC,091466018
CÔNG TY TNHH MINH HY SA ĐÉC,0933797188
CÔNG TY TNHH CƠ KHÍ NGỌC TỶ,0939539913
CÔNG TY TNHH MTV BẤT ĐỘNG SẢN LÂM LINH,0932988239
CÔNG TY TNHH THƯƠNG MẠI VÀ DỊCH VỤ SIÊU TỐC,0939298767
CÔNG TY CỔ PHẦN 279 ĐỒNG THÁP,0908950418
CÔNG TY TNHH THIẾT KẾ XÂY DỰNG MÔI GIỚI BĐS NHÀ ĐẸP ĐỒNG THÁP,0916305661
DNTN THƯƠNG MẠI DỊCH VỤ C&T,0974631739
CÔNG TY TNHH NGUYỄN KIM PETRO,0933742424
CÔNG TY TNHH TMDV PHƯỚC VĨNH,0917081238
CÔNG TY TNHH THƯƠNG MẠI DỊCH VỤ XÂY DỰNG VẠN THUẬN HƯNG,0947679387
CÔNG TY TNHH MTV NGÂN PHÁT DUY,0932858515
CÔNG TY TNHH THƯƠNG MẠI DỊCH VỤ QUẢNG CÁO HOÀNG MỸ,0979744573
CÔNG TY TNHH Ô TÔ VĂN THÀNH,0966764781
CÔNG TY TNHH TM DV KTV PINK LOTUS,0399449059
CÔNG TY TNHH THƯƠNG MẠI Ô TÔ HỒNG PHÚC,0869383538
CÔNG TY TNHH MỘC ĐIỀN PHÁT,0915782488
CÔNG TY TNHH XÂY DỰNG NỘI THẤT 566,0913748822
CÔNG TY TNHH CÂY XANH NGUYỄN LÂM,0907556878
CÔNG TY TNHH PHƯƠNG VIỆT SEAFOOD,0903325070
CÔNG TY TNHH TRUNG TRẤU,0357337557
CÔNG TY TNHH ĐẦU TƯ XÂY DỰNG THƯƠNG MẠI DỊCH VỤ QUỲNH ANH,0986891235
CÔNG TY TNHH TẬP ĐOÀN TRƯƠNG HOÀNG ĐÔNG THĐ,0908971862
CÔNG TY TNHH ANH NGỮ BINGO,0984113060
CÔNG TY TNHH TƯ VẤN THIẾT KẾ XÂY DỰNG LỘC VÀNG,0901216158
CÔNG TY TNHH SX - TM THỰC PHẨM NHƯ LAN,0815899620
CÔNG TY TNHH THƯƠNG MẠI DỊCH VỤ ĐẦU TƯ AN GIA LẠC,0868867989
CÔNG TY TNHH MTV MINH TRUNG CAO LÃNH,0931002224
CÔNG TY TNHH SẢN XUẤT GIA CÔNG KIM THẠNH PHÁT,0777799567
CÔNG TY TNHH BẢY NHIỀU HỒNG NGỰ,0973146082
CÔNG TY TNHH UYÊN THUẬN PHÁT,0918696769
CÔNG TY TNHH ĐẦU TƯ VÀ XÂY DỰNG ĐƯỢC PHÚC,0931020959
CÔNG TY TNHH HOÀN HỒNG PHÚC,0971249269
CÔNG TY TNHH TUẤN PHÁT TRAVEL TOURS,0833213131
CÔNG TY TNHH RỔ NHỰA PHÚ NHUẬN,0919539972
CÔNG TY TNHH XÂY DỰNG ĐIỆN QUỐC TỈNH HỒNG NGỰ,0797774118
CÔNG TY TNHH THƯƠNG MẠI DỊCH VỤ VÀ VẬT LIỆU XÂY DỰNG MỸ HƯƠNG,0918448518
CÔNG TY TNHH XÂY DỰNG VÀ CÔNG NGHỆ PHƯƠNG NAM,0915475700
CÔNG TY TNHH XUẤT NHẬP KHẨU NHẬT HÀO,0914662848
CÔNG TY TNHH PHƯƠNG ANH ĐỒNG THÁP,0909886863
CÔNG TY TNHH THƯƠNG MẠI Ô TÔ HỒNG PHÁT,0901084848
CÔNG TY TNHH TÂN LONG SECURITY,0939877869
CÔNG TY CỔ PHẦN TẬP ĐOÀN HÀ SINH,0941919000
CÔNG TY TNHH THƯƠNG MẠI ĐẦU TƯ XÂY DỰNG ĐT NAM HOÀNG PHÁT,0353057307
CÔNG TY TNHH MỘT THÀNH VIÊN SAN LẤP MẶT BẰNG TRẦN LUÂN,0946898487
CÔNG TY TNHH ĐẦU TƯ PHÁT TRIỂN CHỢ TRƯỜNG THỊNH,0931095992
CÔNG TY TNHH THƯƠNG MẠI DỊCH VỤ MÁY VĂN PHÒNG THUẬN HÒA,0944990045
CÔNG TY TNHH XUẤT NHẬP KHẨU NÔNG SẢN TRƯỜNG DUY,0963791827
CÔNG TY TNHH XUẤT KHẨU NÔNG SẢN THÀNH TRUNG,096726479
CÔNG TY TNHH TIẾN PHÁT SAND,0919200199
CÔNG TY CỔ PHẦN ÁNH SÁNG HUY,0917392279
CÔNG TY TNHH SẢN XUẤT - THƯƠNG MẠI ALPHA AMIN,0356240444
CÔNG TY TNHH THƯƠNG MẠI FUNNY FARM,0349983409
CÔNG TY TNHH TƯ VẤN XÂY DỰNG HÒA PHÚ ĐỒNG THÁP,0939501981
CÔNG TY TNHH XUẤT NHẬP KHẨU SẮC XANH MEKONG,0982984966
CÔNG TY TNHH THƯƠNG MẠI DỊCH VỤ HÒA TẤN PHÁT,0984883521
CÔNG TY TNHH DỊCH VỤ NÔNG NGHIỆP T&D,0944000883
CÔNG TY TNHH XUẤT NHẬP KHẨU SUN FARM,0868263604
CÔNG TY TNHH TM & DV ÁNH DƯƠNG VIỆT NAM,0901161156
CÔNG TY TNHH THƯƠNG MẠI DỊCH VỤ ĐỨC THỊNH ĐỒNG THÁP,0333369396
CÔNG TY TNHH NANFOOD,0939451359
CÔNG TY TNHH LƯƠNG THỰC TRƯỜNG THỊNH,0939996006
CÔNG TY TNHH THƯƠNG MAI DỊCH VỤ NÔNG SẢN NVS,0965257828
CÔNG TY TNHH THƯƠNG MẠI MINH NHẬT QUÂN,09872777127
CÔNG TY TNHH MỘT THÀNH VIÊN TƯ VẤN THIẾT KẾ CÔNG TRÌNH XD HUY MẪN,0912831875
CÔNG TY TNHH TPP HỒNG NGỰ,0374684492
CÔNG TY TNHH MTV NGÔ XUÂN NGHI,0399038668
CÔNG TY TNHH TS DƯƠNG MINH,0988113424
CÔNG TY TNHH NAM KHOA ĐỒNG THÁP,0843997686
DNTN TIỆM VÀNG THANH LIỄU,0788877242
CÔNG TY TNHH THƯƠNG MẠI XÂY DỰNG PHƯỚC LỘC TÀI,0945159469
CÔNG TY TNHH MTV XĂNG DẦU CÁI BÈ,0365566076
CÔNG TY TNHH MTV BILLDO-BIO,0932789408
CÔNG TY TNHH VƯỜN SINH THÁI HOÀNG HẢO,0919291369
CÔNG TY TNHH L66,0813081838
CÔNG TY TNHH MTV SX-TM-DV XUẤT NHẬP KHẨU ÁNH GIÀU,0918142107
CÔNG TY TNHH ĐẦU TƯ XÂY DỰNG KIM ĐỒNG,0913938493
CÔNG TY CỔ PHẦN QUỐC TẾ VĨNH TIẾN PHÁT,0939586919
CÔNG TY TNHH LƯƠNG THỰC HUY TÍNH,0976473966
CÔNG TY TNHH TIỆM VÀNG KIM TỶ,07922227122
CÔNG TY TNHH THƯƠNG MẠI XÂY DỰNG HÀ MINH,0901864802
CÔNG TY TNHH CÂN ĐIỆN TỬ PHI LIÊM,0939313125
CÔNG TY TNHH THƯƠNG MẠI DỊCH VỤ XÂY DỰNG MINH ĐỨC ĐỒNG THÁP,0904619196
CÔNG TY TNHH TÈO TRẤU,0787904347
CÔNG TY TNHH TMDV MỸ PHẨM SEA SEA,0888008064
CÔNG TY TNHH TƯ VẤN THIẾT KẾ - XÂY DỰNG VÀ TRANG TRÍ NỘI THẤT MINH LẬP,0776801991
CÔNG TY TNHH TM DV SẮC HỒNG,0868716660
CÔNG TY TNHH THỰC PHẨM PHÁT TIẾN,0907088775
CÔNG TY TNHH XÂY DỰNG TIẾN QUAN,039988091
CÔNG TY TNHH TƯ VẤN XÂY DỰNG PHÚ GIA PHÁT,0939697967
CÔNG TY TNHH MTV KHAI THÁC CHỢ PHƯƠNG VÂN,0362412210
CÔNG TY TNHH THƯƠNG MẠI DỊCH VỤ AT ĐỒNG THÁP,0704733852
CÔNG TY TNHH MTV TOÀN HÒA LỢI,0326269699
CÔNG TY TNHH THƯƠNG MẠI DỊCH VỤ KINH DOANH THIẾT BỊ ĐIỆN ĐẠI PHÁT,0934421832
CÔNG TY TNHH NÔNG THỦY SẢN HẢI ĐĂNG,0901082567
CÔNG TY TNHH CHẾ BIẾN THUỶ SẢN BA KHÍA FOODS,03699898909
CÔNG TY TNHH MTV ĐẠT LÊN,094119469
CÔNG TY TNHH XÂY DỰNG - THƯƠNG MẠI - DỊCH VỤ DIỄM DŨNG,0782950864
CÔNG TY TNHH MTV THAN TRẤU KIM HÂN,0869104576
CÔNG TY TNHH ĐẦU TƯ - XÂY DỰNG CB HỒNG QUANG,0834992451
CÔNG TY TNHH TMDV XUẤT NHẬP KHẨU LAVI FOOD ĐỒNG THÁP,0978813027
CÔNG TY TNHH TM NÔNG NGHIỆP SAM,0939936068
CÔNG TY TNHH CÔNG NGHỆ MÔI TRƯỜNG QUÊ MÌNH,0845152152
CÔNG TY TNHH MTV TM DỊCH VỤ DUY KHANG,09393467272
CÔNG TY TNHH THƯƠNG MẠI GIÁO DỤC THỂ THAO SEN VIỆT,0912201643
CÔNG TY TNHH CẤP NƯỚC CÔNG KHÔI,0919490396
CÔNG TY TNHH GAS THIÊN TÀI PHÁT,0982525277
CÔNG TY TNHH MTV HỘI AN ĐÔNG,0799997257
CÔNG TY TNHH THÀNH DỰ CL,0976236717
CÔNG TY CỔ PHẦN -XD-DV-TM-HT-66,0966483855
CÔNG TY TNHH THƯƠNG MẠI XUẤT NHẬP KHẨU LÊ NAM,0337537823
CÔNG TY TNHH XNK SAPO ĐỒNG THÁP,0938031013
CÔNG TY TNHH SẢN XUẤT PHÂN BÓN HỮU CƠ SINH HỌC NÔNG THỊNH PHÁT,0907353917
DNTN XĂNG DẦU THƯỜNG LẠC,0799997257
CÔNG TY TNHH SẢN XUẤT VÀ THƯƠNG MẠI PHƯƠNG NAM ĐỒNG THÁP,0971163869
CÔNG TY TNHH SẢN XUẤT THƯƠNG MẠI XUẤT NHẬP KHẨU THANH HÒA,0939913239
DNTN TIỆM VÀNG HOÀNG ANH,0767616372
CÔNG TY CỔ PHẦN QUỐC TẾ SENVITA,0901211300
"CÔNG TY TNHH ĐẦU TƯ, XÂY DỰNG, VẬN CHUYỂN THUẬN AN",0888657652
CÔNG TY CỔ PHẦN CẢNG LẤP VÒ,0949222919
CÔNG TY TNHH THÀNH HƯNG HỒNG NGỰ,0979668081
CÔNG TY TNHH SẢN XUẤT THƯƠNG MẠI VÀ DỊCH VỤ LÂM HƯNG,0938919341
CÔNG TY TNHH TM DV XNK TRƯỜNG HƯNG,0933797188
CÔNG TY TNHH THƯƠNG MẠI THANH HOÀI,0846053346
CÔNG TY TNHH NGOẠI NGỮ GROW,0385838602
CÔNG TY TNHH VẬT LIỆU XÂY DỰNG LONG PHỤNG,0825611819
CÔNG TY TNHH SẢN XUẤT BĂNG KEO VƯƠNG NGHỊ,0903309894
CÔNG TY TNHH VĂN PHÒNG PHẨM LÂM VÂN,0916236855
CÔNG TY TNHH XUẤT NHẬP KHẨU FARM FOODS,0964151086
CÔNG TY TNHH BIDA SKD,0896673345
CÔNG TY TNHH ĐẦU TƯ VÀ XÂY DỰNG MAI HỒNG PHÁT,0962668744
CÔNG TY TNHH SẢN XUẤT THƯƠNG MẠI XÂY DỰNG TRẦN THÀNH,0342528506
CÔNG TY TNHH THƯƠNG MẠI DỊCH VỤ PHÁT PHÁT ĐẠT,0939083674
CÔNG TY TNHH XÂY DỰNG THƯƠNG MẠI THUẬN TRÀ,0939944069
CÔNG TY TNHH THỰC PHẨM PHÚ CÁT VIỆT NAM,0912545333
CÔNG TY TNHH SXTM PHÚ CƯỜNG,0918054278
CÔNG TY TNHH NNX PHÚ CƯỜNG,0858192777
CÔNG TY TNHH HỒNG NGỰ EXPRESS,0867777362
CÔNG TY TNHH THƯƠNG MẠI YẾN SÀO HOÀNG LINH,0939884345
CÔNG TY CỔ PHẦN NÔNG NGHIỆP TRẦN HÂN,0913110184
CÔNG TY TNHH MỘT THÀNH VIÊN TƯ VẤN TẬN TÂM,08531877717
CÔNG TY TNHH CÔNG NGHỆ THỰC PHẨM SEN HỒNG,0901817646
CÔNG TY TNHH T&T BIOFOOD,0916202105
CÔNG TY TNHH THANH TIẾN HÔNG NGỰ,0703637338
CÔNG TY TNHH TIỆM VÀNG KIM PHƯỚC LỘC,0778651752
CÔNG TY CỔ PHẦN ĐẦU TƯ SẢN XUẤT PHÂN BÓN TOÀN CẦU,0919944490
CÔNG TY CỔ PHẦN PHÚC HƯNG ĐỒNG THÁP,0839141101
CÔNG TY TNHH HOÀNG GIA THIÊN NHÂN,0939927972
CÔNG TY TNHH TƯ VẤN XÂY DỰNG NGUYỄN HOUSE,0369747374
CÔNG TY TNHH BA THÂM,0903020252
CÔNG TY TNHH MTV THƯƠNG MẠI KHANG NGỌC,0918365894
CÔNG TY TNHH MTV XÂY DỰNG ĐAN PHỐ,0836666072
CÔNG TY TNHH NHA KHOA THẨM MỸ QUỐC TẾ EMEDIC ĐỒNG THÁP,0904855550
CÔNG TY TNHH MỘT THÀNH VIÊN QUỐC ĐẠT HỒNG NGỰ,0939323678
CÔNG TY TNHH TM DV KING OF GREEN VINA,0783777405
CÔNG TY TNHH PHẦN MỀM VÀ TRUYỀN THÔNG QUẢNG CÁO SONG ANH,0912838912
CÔNG TY TNHH TM-DV GIẢI PHÁP THÀNH ĐẠT,0986824684
CÔNG TY TNHH THÉP MINH PHONG,0971197855
CÔNG TY TNHH THỰC PHẨM MEKONG SA ĐÉC,0909539259
CÔNG TY TNHH ĐẦU TƯ THƯƠNG MẠI VÀ DỊCH VỤ DU LỊCH OCOP NON SÔNG VIỆT,0975669494
CÔNG TY TNHH XÂY DỰNG DƯƠNG ĐỨC ANH,0919649108
DNTN VUI CHƠI GIẢI TRÍ THẠCH NGỌC SANG,0966170469
CÔNG TY TNHH THƯƠNG MẠI DỊCH VỤ XÂY DỰNG TÀI LỘC PHÁT,0939791052
CÔNG TY TNHH LƯƠNG THỰC - BẤT ĐỘNG SẢN THANH BÌNH,0943106941
CÔNG TY TNHH ĐẠI CÁT TẤN,0904167187
CÔNG TY TNHH DỊCH VỤ - SẢN XUẤT - XÂY DỰNG - THƯƠNG MẠI - CƠ KHÍ TIỀN GIANG,0912687019
CÔNG TY TNHH NÔNG DƯỢC QUỐC TẾ SFARMERS,0907020565
CÔNG TY TNHH XUẤT NHẬP KHẨU ĐẠI PHÁT FOODSTUFF,0337413972
CÔNG TY TNHH THƯƠNG MẠI XÂY DỰNG CÁT PHÙ SA,0911934509
CÔNG TY TNHH ĐẦU TƯ VÀ XÂY DỰNG TRIỀU ĐIỀN,0939347275
CÔNG TY TNHH NÔNG SẢN GẤU ĐÔI THANH BÌNH,0971228088
CÔNG TY TNHH ĐẠI HỢP PHÚ,0933268558
CÔNG TY TNHH DƯỢC PHẨM SAPHAR USA,0907419748
CÔNG TY TNHH BẢO QUÝ THỊNH,0936868528
CÔNG TY TNHH GIẤY VÀ BAO BÌ THỊNH PHÁT,0988138347
CÔNG TY TNHH MTV HƯNG MINH PHÁT 86,0939947486
