"name","phone"
"CÔNG TY TNHH ĐẦU TƯ XÂY DỰNG NAM TIẾN SƠN","09080321386"
"CÔNG TY TNHH TẬP ĐOÀN NĂNG LƯỢNG LONG AN","0906658055"
"CÔNG TY TNHH PAVILON COATING","0904248852"
"CÔNG TY TNHH THƯƠNG MẠI - DỊCH VỤ - KỸ THUẬT - XUẤT NHẬP KHẨU NGỌC TIẾN PHÁT","0901626471"
"CÔNG TY TNHH MTV THIẾT KẾ - XÂY DỰNG & THƯƠNG MẠI SAO BẮC ĐẨU","0909388545"
"CÔNG TY TNHH NỘI THẤT GỖ AN PHÁT ĐẠT","0908539725"
"CÔNG TY TNHH KIM PHƯỚC CẦU ĐÔI","0928683101"
"CÔNG TY TNHH NỘI THẤT ĐẸP AZ","0868922163"
"CÔNG TY TNHH TM-DV XĂNG DẦU NHỚT THIỆN PHƯƠNG","0822910079"
"CÔNG TY TNHH TM-DV XĂNG DẦU NHỚT HƯƠNG TÂM PHƯƠNG","0913679019"
"CÔNG TY TNHH KINH DOANH SẢN XUẤT THƯƠNG MẠI ĐÀI VIỆT","0909325118"
"CÔNG TY TNHH TÔN - THÉP - VẬT TƯ XD THÚY HIẾU","0971666012"
"CÔNG TY TNHH DỊCH VỤ BẢO VỆ AN NINH HOÀNG HUY","0916857179"
"CÔNG TY TNHH MTV XUÂN HUY THỊNH","0908748195"
"CÔNG TY TNHH ĐÓNG TÀU PHÁT ĐẠT","0908835256"
"CÔNG TY TNHH THIẾT BỊ VÀ KỸ THUẬT NGOAN LONG","0877865586"
"CÔNG TY TNHH ĐẦU TƯ TUẤN LÊ","0941569224"
"CÔNG TY TNHH SẢN XUẤT THƯƠNG MẠI DỊCH VỤ XUẤT NHẬP KHẨU NC","0945727039"
"CÔNG TY TNHH THƯƠNG MẠI DỊCH VỤ VẬN TẢI VÀ GIA CÔNG HÀNG MAY MẶC HOÀNG LONG","0986130874"
"CÔNG TY TNHH SX TM KHUNG TRẦN ĐẠI LỢI","09197577111"
"CÔNG TY TNHH MTV HELM PHARMA","0902215857"
"CÔNG TY TNHH ĐINH THÉP VIỆT NHẬT","0919288109"
"CÔNG TY TNHH LEWIS - FARMS","0912403240"
"CÔNG TY TNHH ĐẦU TƯ THƯƠNG MẠI BẤT ĐỘNG SẢN BÌNH MINH","09073820150793"
"CÔNG TY TNHH KIẾN TRÚC MỸ ĐỨC","0896613539"
"CÔNG TY TNHH GIÀY THÀNH KHÔN","0902313812"
"CÔNG TY TNHH MTV TM DV KIỀU MINH ANH","0916682133"
"CÔNG TY TNHH KINH DOANH BẤT ĐỘNG SẢN NHÂN ĐỨC","0933487029"
"CÔNG TY TNHH TM-DV SIÊU NĂNG LƯỢNG SPC","0896613539"
"CÔNG TY TNHH THƯƠNG MẠI XUẤT NHẬP KHẨU ĐẦU TƯ HỢP TIẾN","0931461586"
"CÔNG TY CỔ PHẦN NHỰA TÚ PHƯƠNG XANH","0918669998"
"CÔNG TY CỔ PHẦN AGRO LIFE SCIENCE VIỆT NAM","0943594679"
"CÔNG TY TNHH CƠ KHÍ VIET STEEL","0986433186"
"CÔNG TY TNHH SẢN XUẤT THƯƠNG MẠI TRƯỜNG HÒA","0368040018"
"CÔNG TY TNHH ĐẦU TƯ VÀ SẢN XUẤT NHỰA AN PHÁT","0913901036"
"CÔNG TY TNHH CÔNG NGHIỆP THỰC PHẨM VINADELI","0902420625"
"CÔNG TY TNHH HÓA CHẤT LONG AN","0924683455096596000"
"CÔNG TY TNHH SẢN XUẤT NHỰA SONG PHÁT","0346708090"
"CÔNG TY TNHH XÂY DỰNG LÊ PHƯỚC THÀNH","0915574881"
"CÔNG TY TNHH THƯƠNG MẠI DỊCH VỤ XUẤT NHẬP KHẨU SONG ẤN","0933653179"
"CÔNG TY CỔ PHẦN NÔNG NGHIỆP 247","0888174999"
"CÔNG TY TNHH CÔNG NGHỆ PHẨM TAM NGUYÊN","0966420851"
"CÔNG TY TNHH RƯỢU QUÂN VÕ","0901789801"
"CÔNG TY TNHH THƯƠNG MẠI DỊCH VỤ HIỆP TÝ","0764700982"
"CÔNG TY TNHH DINGNANG","0948288996"
"CÔNG TY TNHH SX- TM- DV MÁY CÔNG CỤ VINA AN BÌNH","0772055559"
"CÔNG TY TNHH SẢN XUẤT THƯƠNG MẠI XUẤT NHẬP KHẨU KÍNH THIÊN PHÁT","0987510851"
"CÔNG TY TNHH SẢN XUẤT THƯƠNG MẠI DỊCH VỤ SUNG DU","0905707298"
"CÔNG TY TNHH WHITE AND IVORY BRIDAL","0962429497"
"CÔNG TY TNHH EIFEL BIO UK","0902215656"
"CÔNG TY TNHH THƯƠNG MẠI DỊCH VỤ THỦY HẢI SẢN BẢO NGỌC","0901447666"
"CÔNG TY TNHH TM DV PHÚ HÒA THỊNH PHÁT","0902493535"
"CÔNG TY TNHH HOÀNG NAM NGUYÊN","0961916022"
"CÔNG TY TNHH HUY MINH QUÂN","0913654777"
"CÔNG TY TNHH SẢN XUẤT THƯƠNG MẠI NHÔM ĐỊNH HÌNH TECNAL GROUP","0932101707"
"CÔNG TY TNHH THỰC PHẨM CÁNH DIỀU","0909404405"
"CÔNG TY TNHH THỰC NGHIỆP ĐÔNG VIỆT","0356885880"
"CÔNG TY TNHH MINH KHÔI ENERGY","0984429237"
"CÔNG TY TNHH NGỌC THÔNG LAND","0943373797"
"CÔNG TY TNHH DỊCH VỤ - THƯƠNG MẠI CẢNH QUAN GIA PHÁT","0792838899"
"CÔNG TY TNHH BÁCH THIÊN PHÚC GOLD","0937883223"
"CÔNG TY TNHH HÓA CHẤT VIỆT ĐÀI","0946417278"
"CÔNG TY TNHH COFFEE BOAT TRÍ NGUYÊN","0941484976"
"CÔNG TY TNHH THƯƠNG MẠI DỊCH VỤ HỒNG PHÁT ĐẠT LA","0919494048"
"CÔNG TY TNHH XÂY DỰNG KIM TRIỆU","0983948108"
"CÔNG TY TNHH ĐÓNG SỬA THUYỀN TRUNG TÍN","0979562894"
"CÔNG TY TNHH BÁCH THIÊN LỘC GOLD","0937883223"
"CÔNG TY TNHH XÂY DỰNG VIỆT HƯNG LONG AN","0933808986"
"CÔNG TY TNHH SẢN XUẤT HOA THỊNH","0342457550"
"CÔNG TY TNHH SẢN XUẤT THƯƠNG MẠI DỊCH VỤ NHỰA THIÊN MINH PHÚC","0902330020"
"CÔNG TY TNHH TM - DV - ĐẦU TƯ ĐÔNG THẠNH LAND","0971824836"
"CÔNG TY TNHH TRANG TRÍ NỘI THẤT MỘC TRÍ TÀI","0933845454"
"CÔNG TY TNHH THƯƠNG MẠI XÂY DỰNG HUỲNH HOÀNG- LA","0911987368"
"CÔNG TY TNHH NỘI THẤT VĨNH PHÁT LONG AN","0915222680"
"CÔNG TY TNHH CÔNG NGHIỆP TOÀN TÂM VIỆT NAM","0974925335"
"CÔNG TY TNHH SOFA BOYU","0908551711"
"CÔNG TY TNHH YUDA LONG AN","0908965788"
"CÔNG TY TNHH XNK WNC HOÀNG TRÍ","0932703869"
"CÔNG TY CỔ PHẦN BAO BÌ VPACK","0349671906"
"CÔNG TY TNHH MED NOVALIFE","0919851999"
"CÔNG TY CỔ PHẦN SKYLIFE GROUP","0941008116"
"CÔNG TY TNHH XUẤT NHẬP KHẨU TOCCOO LA","0913921089"
"CÔNG TY CỔ PHẦN TƯ VẤN ĐẤU THẦU LONG AN","0982944142"
"CÔNG TY TNHH IN PERFECT TEAM","0903616083"
"CÔNG TY TNHH CÔNG NGHỆ HKP","0903047107"
"CÔNG TY TNHH SẢN PHẨM NHỰA GIAI PHI LONG AN","08691901045"
"CÔNG TY TNHH PHÂN BÓN NÔNG THÀNH PHÁT","0919386755"
"CÔNG TY TNHH DỊCH VỤ TRỌNG HIẾU TRẦN","0911610966"
"CÔNG TY TNHH SX TM DV HÂN MỸ NGỌC","0918633433"
"CÔNG TY TNHH SX TM XNK PHỤNG VINH","09027328818"
"CÔNG TY TNHH TM SX MỸ PHẨM NGỌC THỊNH","0946183878"
"CÔNG TY TNHH YẾN THẠCH MỘC","0911471999"
"CÔNG TY TNHH KINH DOANH DẦU KHÍ THĂNG LONG LỘC PHÁT","0368728176"
"CÔNG TY TNHH VẬT LIỆU XÂY DỰNG MINH ĐĂNG","0932122909"
"CÔNG TY TNHH KIM PHÚC LONG AN","0913645811"
"CÔNG TY TNHH TRẦN LYLY","0963469293"
"CÔNG TY TNHH DỊCH VỤ MÔI TRƯỜNG NHÂN NGHĨA","0963563020"
"CÔNG TY TNHH SVC CHEMICAL","0973993134"
"CÔNG TY TNHH SẢN XUẤT THƯƠNG MẠI NHỰA KIM THOA","0902302457"
"CÔNG TY TNHH LO JI","0909358929"
"CÔNG TY TNHH TV.MEL","0917512928"
"CÔNG TY TNHH TM-DV-XNK MÁY MAY HỒNG LÂM","0909719949"
"CÔNG TY TNHH ĐẦU TƯ THƯƠNG MẠI DỊCH VỤ LOGISTICS THANH TÂM","0938391933"
"CÔNG TY TNHH XÂY DỰNG THƯƠNG MẠI DỊCH VỤ VẬN TẢI QUỐC VŨ","0908624434"
"CÔNG TY TNHH DỊCH VỤ NHÂN LỰC HÀNG KHÔNG GMB","0919675591"
"CÔNG TY TNHH QUÁN ĂN GIA ĐÌNH BÀ BA QUÁN","0943969170"
"CÔNG TY TNHH VIỆT SƠN ĐIỀN","0907272172"
"CÔNG TY TNHH THƯƠNG MẠI DỊCH VỤ THANH VÕ","0976280126"
"CÔNG TY TNHH KIVA COMMODITY","0913999540"
"CÔNG TY TNHH CÔNG NGHIỆP NHỰA YI DA","0908369736"
"CÔNG TY TNHH ĐIÊU KHẮC MỸ THUẬT TRÍ TÂM","0937312240"
"CÔNG TY TNHH PHUC THINH SHOES","0937006634"
"CÔNG TY TNHH TEEN TEEN","0389525578"
"CÔNG TY TNHH BẤT ĐỘNG SẢN A BÌNH","0938830635"
"CÔNG TY TNHH ĐẦU TƯ PHÁT TRIỂN KHẢI THẮNG","0908292298"
"CÔNG TY TNHH XUẤT NHẬP KHẨU ĐẠI PHÁT THỊNH","0329525474"
"CÔNG TY TNHH VẢI SỢI MINH ĐĂNG","0918404888"
"CÔNG TY TNHH TM- DV TRANG TRÍ NỘI THẤT PHÚ GIA AN","0907766349"
"CÔNG TY TNHH XĂNG DẦU ĐỖ HỒNG","0974670831"
"CÔNG TY TNHH CƠ KHÍ KIM HOÀN SONXI","0928596909"
"CÔNG TY TNHH XUẤT NHẬP KHẨU BAO BÌ ĐỒNG THỊNH PHÁT","0908510387"
"CÔNG TY TNHH THƯƠNG MẠI DỊCH VỤ HƯNG THANH HÙNG","0933769133"
"CÔNG TY TNHH XUẤT NHẬP KHẨU GNC","0903874812"
"CÔNG TY TNHH CÔNG NGHỆ KỸ THUẬT MHC","0397575899"
"CÔNG TY TNHH THƯƠNG MẠI VÀ SẢN XUẤT THỰC PHẨM MẠNH QUÂN","0915190987"
"DNTN KIM THÀNH CƯỜNG","0979787753"
"CÔNG TY TNHH WILSONS HILL HỰU THẠNH","0907501100"
"CÔNG TY TNHH GIÁO DỤC TÂM THƯ","0961349061"
"CÔNG TY TNHH NÔNG NGHIỆP ACV","0946699548"
"CÔNG TY TNHH TM DV MOTOR TRUNG TÂM LONG AN","0938153246"
"CÔNG TY TNHH DV BẢO VỆ AN NINH ĐÔNG LONG AN","0945045239"
"CÔNG TY TNHH CHENG RUI","0972476226"
"CÔNG TY TNHH TM-DV TỔNG HỢP THỰC PHẨM ACE","0908835616"
"CÔNG TY TNHH TÁI TẠO MÔI TRƯỜNG PHONG PHÚ","0937049423"
"CÔNG TY TNHH CÔNG TY TNHH SẢN XUẤT KINH DOANH AN TÂM","0903669418"
"CÔNG TY TNHH CƠ KHÍ XÂY DỰNG THANH TUẤN PHÁT","0908980008"
"CÔNG TY CỔ PHẦN DỊCH VỤ TƯ VẤN MINH TIẾN PHÁT","0966621008"
"CÔNG TY TNHH SẢN XUẤT THỦY SẢN CFD","0965748494"
"CÔNG TY TNHH XĂNG DẦU THIÊN PHÚC LONG AN","0932830699"
"CÔNG TY TNHH FH HOUSE","0948626169"
"CÔNG TY TNHH KINH DOANH BẤT ĐỘNG SẢN SAO KHUÊ","0949865262"
"CÔNG TY TNHH KINH DOANH BẤT ĐỘNG SẢN CÁT ĐẠI LỢI","0963596638"
"CÔNG TY TNHH THƯƠNG MẠI HOÀN KHANG LONG AN","0901272568"
"CÔNG TY TNHH MTV ĐẦU TƯ VÀ PHÁT TRIỂN PHÚ HƯNG","0929458677"
"CÔNG TY TNHH PHÁT TRIỂN CÔNG NGHỆ THIÊN KHÔI","0964472971"
"CÔNG TY CỔ PHẦN ĐẦU TƯ VÀ THƯƠNG MẠI GREEN ROYAL","0983698607"
"CÔNG TY TNHH SẢN XUẤT THƯƠNG MẠI BAO BÌ HIỆP PHÚ","0986968525"
"CÔNG TY CỔ PHẦN DỊCH VỤ THƯƠNG MẠI XUẤT NHẬP KHẨU DUYÊN PHÁT","0909174158"
"CÔNG TY TNHH MTV VĂN THỊ THANH TUYỀN","0934111538"
"CÔNG TY TNHH XÂY DỰNG THƯƠNG MẠI VÀ BẤT ĐỘNG SẢN ĐÔNG HƯNG","0938036830"
"CÔNG TY CỔ PHẦN YẾN SÀO BINACO","0984102940"
"CÔNG TY TNHH CÔNG NGHỆ MAY T&T","0399725749"
"CÔNG TY TNHH PHÚ NAM THIÊN","0369549963"
"CÔNG TY TNHH RAFI LONG AN","0933382988"
"DNTN LONG THÀNH LA","0938666141"
"CÔNG TY TNHH SX- TM- DV SIVIP","0917448406"
"CÔNG TY TNHH KINH DOANH SPA KIM QUYÊN","0795644699"
"CÔNG TY TNHH TRUNG TRÍ PHÁT","0703027247"
"CÔNG TY TNHH XUẤT NHẬP KHẨU HỒNG THẮM","0919967979"
"CÔNG TY TNHH MAIKA LONG AN","0938757226"
"CÔNG TY TNHH XÂY DỰNG SẢN XUẤT THƯƠNG MẠI DỊCH VỤ VĨNH TÀI","0908178168"
"CÔNG TY TNHH XING HUA MEI","0703513118"
"CÔNG TY TNHH SẢN XUẤT THƯƠNG MẠI LÊ PHÚC KHANG","0914713131"
"CÔNG TY TNHH TƯ MỪNG NTC","0833478368"
"CÔNG TY TNHH MP BẢO CHÂU","0325747289"
"CÔNG TY TNHH CÔNG NGHIỆP QCC","0903788136"
"CÔNG TY TNHH XD ĐẦU TƯ BĐS THIÊN PHÁT CƯỜNG","0939503012"
"CÔNG TY TNHH THƯƠNG MẠI TỔNG HỢP BÌNH MINH ĐỨC HÒA","0913754903"
"CÔNG TY TNHH PHÂN PHỐI GAS TRƯỜNG PHONG","0919762009"
"CÔNG TY TNHH MTV TƯ VẤN HỖ TRỢ VIỆC LÀM HUY PHÁT","0908226348"
"CÔNG TY CỔ PHẦN AN PHÚC THIÊN","0932610736"
"CÔNG TY TNHH TƯ VẤN THIẾT KẾ VÀ XÂY DỰNG ĐIỆN THỊNH PHÁT","0901622390"
"CÔNG TY CỔ PHẦN HOÀN HẢO LONG AN","0903666395"
"CÔNG TY TNHH THƯƠNG MẠI THIẾT KẾ XÂY DỰNG HỮU NGHĨA","0933662306"
"CÔNG TY TNHH ĐẦU TƯ VÀ PHÁT TRIỂN XÂY DỰNG VẠN KIM PHÁT","0909359486"
"CÔNG TY TNHH ĐIỆN NGUYÊN PHÚ","0918611999"
"CÔNG TY TNHH LƯƠNG THỰC DƯƠNG GIA BẢO","0934439090"
"CÔNG TY TNHH MẠNH HOÀNG QUÂN LONG AN","0987970393"
"CÔNG TY TNHH DỊCH VỤ TƯ VẤN LỘC PHÚC VINH LONG AN","09080320778"
"CÔNG TY TNHH NGUYỄN LÂM ANH","0937457653"
"CÔNG TY TNHH QUÁN ĂN GIA ĐÌNH SÔNG QUÊ","0972767957"
"CÔNG TY TNHH THƯƠNG MẠI DỊCH VỤ TỰ ĐỘNG HÓA NTV","0908527522"
"CÔNG TY TNHH ECO CRAFTS","0937442090"
"CÔNG TY TNHH THƯƠNG MẠI KỲ XƯƠNG","07736968168"
"CÔNG TY TNHH YLTF VINA","0934137222"
"CÔNG TY TNHH ĐO ĐẠC ĐỨC HUỆ","0987447777"
"CÔNG TY TNHH TÔN THÉP ĐỨC PHÁT LONG AN","0934009402"
"CÔNG TY CỔ PHẦN ĐỊA ỐC PHÚC LỢI","0909183299"
"CÔNG TY TNHH MỘT THÀNH VIÊN ĐIỆN TỬ-ĐIỆN LẠNH TÂN NGUYỄN","90"
"CÔNG TY TNHH SÁNG MINH FOOTWEER","0833360630"
"CÔNG TY TNHH MTV DAEGO VINA","0372318005"
"CÔNG TY CỔ PHẦN CÔNG NGHỆ THÔNG TIN CPR","0913979179"
"CÔNG TY TNHH DỊCH VỤ XÂY DỰNG TIỀN TÀI","0834556266"
"CÔNG TY TNHH GIA CÔNG CƠ KHÍ PHÁT LỘC","0919237688"
"CÔNG TY TNHH TM LIÊN PHÁT KHOA VIỆT NAM","0909322995"
"CÔNG TY TNHH PHACOLAB","0987098726"
"CÔNG TY TNHH MTV VỎ NGỌC LIÊM","0909673678"
"CÔNG TY TNHH CÔNG NGHỆ BẢO VỆ MÔI TRƯỜNG YUEZE","0702577778"
"CÔNG TY TNHH TƯ VẤN VÀ XÂY DỰNG NGUYÊN LỘC L.A","0903645576"
"CÔNG TY TNHH MILDY INTERNATIONAL","0911431331"
"CÔNG TY TNHH MTV NHÀ THÉP HOÀNG KIM","0974584022"
"CÔNG TY TNHH DỊCH VỤ THƯƠNG MẠI THUẬN LAI","0903363780"
"CÔNG TY TNHH THƯƠNG MẠI DỊCH VỤ SẢN XUẤT TUẤN AN","0939397139"
"CÔNG TY TNHH LẬP BẢO PHƯỚC","0794469737"
"CÔNG TY CỔ PHẦN FARM CÀ PHÊ","0803875217"
"CÔNG TY TNHH SẢN XUẤT - THƯƠNG MẠI TÂN NGỌC PHƯƠNG","0338938363"
"CÔNG TY TNHH SẢN XUẤT THƯƠNG MẠI DỊCH VỤ NGUYỄN QUANG THÁI","0901609523"
"CÔNG TY TNHH XÂY DỰNG THƯƠNG MẠI VẬN TẢI PHONG PHÚ PHÁT","0984636594"
"CÔNG TY TNHH MTV HOTEL HUY NGUYỄN","0901346568"
"CÔNG TY TNHH DỊCH VỤ SAN LẤP MẶT BẰNG THÀNH ĐẠT","0375005324"
"CÔNG TY TNHH NÔNG NGƯ CƠ NHẬT THÀNH","0932391168"
"CÔNG TY TNHH CÔNG NGHIỆP VÀ ĐẦU TƯ H-LIU","0934567989"
"CÔNG TY TNHH XNK TÍN ĐỨC PHÁT","0933734968"
"CÔNG TY TNHH TRUYỀN THÔNG VÀ GIẢI TRÍ CHU GIA","0844527989"
"CÔNG TY TNHH TƯ VẤN THIẾT KẾ XÂY DỰNG MINH HIẾU VIỆT NAM","0867901641"
"CÔNG TY TNHH SX TM TỔNG HỢP CÁT TIÊN","0989253511"
"CÔNG TY TNHH DỆT MAY THIÊN VIỆT VIỆT NAM","0369962595"
"CÔNG TY TNHH GIÀY TAIDA","0772693027"
"DNTN MUA BÁN LÚA GẠO ĐỨC TRỌNG","0919264726"
"CÔNG TY TNHH LOTUS HEALTHY FOOD","0902889399"
"CÔNG TY TNHH MAY ĐỨC THẢO","0908730900"
"CÔNG TY TNHH HƯNG PHÚ BUIDLING","0335763628"
"CÔNG TY CỔ PHẦN ADELINO","0943500600"
"CÔNG TY TNHH SẢN XUẤT THƯƠNG MẠI PHÚ ÁNH","0989927978"
"CÔNG TY TNHH ÂU VƯƠNG PHÁT","0948738969"
"CÔNG TY TNHH BAO BÌ GIẤY TTB & VIỆT NAM","0989709480"
"CÔNG TY TNHH PHẦN MỀM TRƯỜNG HỌC VIỆT","0978199341"
"CÔNG TY TNHH MTV PHONG CÁCH","0917387914"
"CÔNG TY TNHH GIÁO DỤC ĐĂNG VINH","0703255235"
"CÔNG TY TNHH 1TV NHƯ Ý VĨNH PHÚC","0778606069"
"CÔNG TY TNHH GIÀY SEN VIỆT","0964705458"
"CÔNG TY CỔ PHẦN VIHUKI","0902345005"
"CÔNG TY TNHH THIẾT BỊ PHÒNG CHÁY CHỮA CHÁY LÂM HỒNG PHÁT","0908709353"
